-- DROP TABLE Transaksi;DROP TABLE Makanan;DROP TABLE Absensi;DROP TABLE KelasMapel;DROP TABLE Mapel;DROP TABLE Foto;DROP TABLE SiswaMapel;DROP TABLE Siswa;DROP TABLE Kelas;DROP TABLE Guru;

CREATE TABLE Guru(
    ID_Guru CHAR(4) PRIMARY KEY NOT NULL,
    Nama_Guru VARCHAR(30),
    Alamat VARCHAR(50),
    No_HP CHAR(14),
    Jenis_Kelamin CHAR(10)
);

CREATE TABLE Kelas (
    ID_Kelas CHAR(4) PRIMARY KEY NOT NULL,
    Nama_Kelas VARCHAR(20),
    ID_Guru CHAR(4), FOREIGN KEY(ID_Guru) REFERENCES Guru(ID_Guru)    
);

CREATE TABLE Siswa(
    ID_Siswa CHAR(10) PRIMARY KEY NOT NULL,
    ID_Kelas CHAR(4), FOREIGN KEY (ID_Kelas) REFERENCES Kelas(ID_Kelas),
    Nama_Siswa VARCHAR(20),
    Jenis_Kelamin VARCHAR(10),
    Tanggal_Lahir DATE NOT NULL,
    Nama_Ortu VARCHAR(30),
    Alamat VARCHAR(50),
    No_HP_Orangtua CHAR(14)
);

CREATE TABLE SiswaMapel(
    ID_SiswaMapel INT PRIMARY KEY AUTO_INCREMENT NOT NULL,
    ID_Siswa CHAR(10) NOT NULL,
    Nama_Guru VARCHAR(30),
    Nama_Mapel VARCHAR(20),
    Nilai CHAR(4),
    Deskripsi VARCHAR(100)
);

CREATE TABLE Mapel(
    ID_Mapel CHAR(4) PRIMARY KEY NOT NULL,
    Nama_Mapel VARCHAR(20)
);

CREATE TABLE KelasMapel (
    ID_Kelas CHAR(4) NOT NULL, FOREIGN KEY (ID_Kelas) REFERENCES Kelas(ID_Kelas),
    ID_Mapel CHAR(4) NOT NULL, FOREIGN KEY (ID_Mapel) REFERENCES Mapel(ID_Mapel),
    ID_Guru CHAR(4) NOT NULL, FOREIGN KEY(ID_Guru) REFERENCES Guru(ID_Guru)
);

CREATE TABLE SaranGuru (
	ID_Siswa CHAR(10) PRIMARY KEY NOT NULL,
  ID_Guru CHAR(4) NOT NULL, FOREIGN KEY(ID_Guru) REFERENCES Guru(ID_Guru),
	Saran VARCHAR(100) NOT NULL
);

CREATE TABLE Foto(
    ID_Foto CHAR(10) PRIMARY KEY NOT NULL,
    Nama_Foto Char(20),
    image BLOB NOT NULL
);

CREATE TABLE Absensi (
    ID_Absensi INT PRIMARY KEY NOT NULL AUTO_INCREMENT,
    ID_Siswa CHAR(10) NOT NULL, FOREIGN KEY (ID_Siswa) REFERENCES Siswa(ID_Siswa),
    ID_Kelas CHAR(4) NOT NULL, FOREIGN KEY (ID_Kelas) REFERENCES Kelas(ID_Kelas),
    ID_Mapel CHAR(4) NOT NULL, FOREIGN KEY (ID_Mapel) REFERENCES Mapel(ID_Mapel),
    Tanggal DATE NOT NULL,
    Keterangan ENUM('Hadir', 'Tidak Hadir', 'Izin', 'Sakit') NOT NULL,
    UNIQUE (ID_Siswa, ID_Mapel, Tanggal)
);

CREATE TABLE Makanan(
    ID_Makanan CHAR(10) PRIMARY KEY NOT NULL,
    Nama_Makanan CHAR(20)
);

CREATE TABLE Transaksi(
    ID_Transaksi INT AUTO_INCREMENT PRIMARY KEY,
    Date DATE NOT NULL,
    ID_Siswa CHAR(4) NOT NULL, FOREIGN KEY (ID_Siswa) REFERENCES Siswa(ID_Siswa),
    ID_Foto CHAR(10), FOREIGN KEY (ID_Foto) REFERENCES Foto (ID_Foto),
    ID_Makanan CHAR(10), FOREIGN KEY (ID_Makanan) REFERENCES Makanan (ID_Makanan),
    Deskripsi_Transaksi VARCHAR (200),
    Catatan_Guru VARCHAR (200)
);


INSERT INTO Guru (ID_Guru, Nama_Guru, Alamat, No_HP, Jenis_Kelamin) 
VALUES
('G001', 'John Smith', 'Jl. Merdeka No. 12', '089268398416', 'Laki-laki'),
('G002', 'Jane Doe', 'Jl. Jenderal Sudirman No. 25', '082791368151', 'Perempuan'),
('G003', 'Michael Johnson', 'Jl. Ahmad Yani No. 37', '086433204469', 'Laki-laki'),
('G004', 'Emily Brown', 'Jl. Perintis Kemerdekaan No. 49', '083266915996', 'Perempuan'),
('G005', 'Joshua Davis', 'Jl. Pahlawan Revolusi No. 61', '082359241802', 'Laki-laki'),
('G006', 'Ashley Miller', 'Jl. Cendrawasih No. 73', '084144521780', 'Perempuan'),
('G007', 'Matthew Wilson', 'Jl. Kesejahteraan No. 85', '082948016371', 'Laki-laki'),
('G008', 'Olivia Moore', 'Jl. Persatuan No. 97', '087609653648', 'Perempuan'),
('G009', 'Jacob Taylor', 'Jl. Kesatuan No. 109', '088853553514', 'Laki-laki'),
('G010', 'Isabella Anderson', 'Jl. Persahabatan No. 121', '081015818721', 'Perempuan'),
('G011', 'Sudirman Sastra', 'Jl. Kebangsaan No. 133', '085482508883', 'Laki-laki'),
('G012', 'Tuti Wulan', 'Jl. Pembangunan No. 145', '088791968123', 'Perempuan'),
('G013', 'Agus Gunawan', 'Jl. Kemerdekaan No. 157', '089773101060', 'Laki-laki'),
('G014', 'Rina Purnama', 'Jl. Kenangan No. 169', '087674367915', 'Perempuan'),
('G015', 'Budi Hartono', 'Jl. Sejahtera No. 181', '086889497832', 'Laki-laki'),
('G016', 'Diana Sari', 'Jl. Bangsa No. 193', '082766873980', 'Perempuan'),
('G017', 'Eko Prasetyo', 'Jl. Negara No. 205', '085374697941', 'Laki-laki'),
('G018', 'Fajar Wahyudi', 'Jl. Warga No. 217', '086297215828', 'Laki-laki'),
('G019', 'Gusti Ayu', 'Jl. Sosial No. 229', '087233892666', 'Perempuan'),
('G020', 'Hendra Setiawan', 'Jl. Pendidikan No. 241', '084521129271', 'Laki-laki');

INSERT INTO Kelas (ID_Kelas, Nama_Kelas, ID_Guru) 
VALUES
('K001', '1A', 'G001'),
('K002', '1B', 'G002'),
('K003', '2A', 'G003'),
('K004', '2B', 'G004'),
('K005', '3A', 'G005'),
('K006', '3B', 'G006'),
('K007', '4A', 'G007'),
('K008', '4B', 'G008'),
('K009', '5A', 'G009'),
('K010', '5B', 'G010');

INSERT INTO Siswa (ID_Siswa, ID_Kelas, Tanggal_Lahir, Nama_Siswa, Jenis_Kelamin, Nama_Ortu, Alamat, No_HP_Orangtua) 
VALUES
('S001', 'K001', '2018-01-12', 'Aditya', 'Laki-laki', 'Arifin', 'Jl. Merdeka No. 12', '087230495618'),
('S002', 'K001', '2018-03-29', 'Ahmad', 'Perempuan', 'Budiman', 'Jl. Sudirman No. 45', '084963281075'),
('S003', 'K001', '2018-07-16', 'Aji', 'Laki-laki', 'Djoko', 'Jl. Diponegoro No. 78', '082648579034'),
('S004', 'K001', '2018-10-24', 'Andika', 'Perempuan', 'Edi', 'Jl. Gatot Subroto No. 90', '085930681472'),
('S005', 'K001', '2018-06-08', 'Ari', 'Laki-laki', 'Frans', 'Jl. Jenderal Sudirman No. 23', '084712503698'),
('S006', 'K001', '2018-09-11', 'Arif', 'Perempuan', 'Gunawan', 'Jl. Jenderal Ahmad Yani No. 56', '083590642871'),
('S007', 'K001', '2018-02-24', 'Aris', 'Laki-laki', 'Heryanto', 'Jl. Pahlawan Revolusi No. 89', '086578234019'),
('S008', 'K001', '2018-04-19', 'Arman', 'Perempuan', 'Ismail', 'Jl. Ahmad Dahlan No. 12', '086429583071'),
('S009', 'K001', '2018-08-30', 'Aulia', 'Laki-laki', 'Joko', 'Jl. HOS Cokroaminoto No. 45', '085793124068'),
('S010', 'K001', '2018-12-19', 'Bambang', 'Perempuan', 'Kurniawan', 'Jl. Kapten Pattimura No. 78', '082975346081'),
('S011', 'K002', '2018-01-28', 'Dika', 'Laki-laki', 'Lestari', 'Jl. Letjen S. Parman No. 90', '086049275831'),
('S012', 'K002', '2018-03-20', 'Dini', 'Perempuan', 'Mulyadi', 'Jl. Raden Inten No. 23', '084736985210'),
('S013', 'K002', '2018-07-09', 'Dewi', 'Laki-laki', 'Nurdin', 'Jl. Sultan Agung No. 56', '083510296748'),
('S014', 'K002', '2018-10-06', 'Eka', 'Perempuan', 'Oetomo', 'Jl. Sultan Hasanuddin No. 89', '081240731349'),
('S015', 'K002', '2018-06-22', 'Fadli', 'Laki-laki', 'Purnomo', 'Jl. Taman Siswa No. 12', '089720153468'),
('S016', 'K002', '2018-09-01', 'Fajar', 'Perempuan', 'Qodir', 'Jl. Jenderal Sudirman No. 45', '086489282761'),
('S017', 'K002', '2018-02-03', 'Farhan', 'Laki-laki', 'Rachmat', 'Jl. Jenderal Soedirman No. 78', '085327400836'),
('S018', 'K002', '2018-04-13', 'Farid', 'Perempuan', 'Suyadi', 'Jl. Brigjen Katamso No. 90', '0842153453827'),
('S019', 'K002', '2018-08-17', 'Firmansyah', 'Laki-laki', 'Tjahjono', 'Jl. Dr. Wahidin Sudirohusodo No. 23', '083094789713'),
('S020', 'K002', '2018-12-12', 'Galuh', 'Perempuan', 'Umar', 'Jl. Jenderal Besar Gatot Subroto No. 56', '081963028471'),
('S021', 'K003', '2018-01-23', 'Heri', 'Laki-laki', 'Vebrianto', 'Jl. Ahmad Yani No. 89', '086930284715'),
('S022', 'K003', '2018-03-10', 'Ihsan', 'Perempuan', 'Wiranto', 'Jl. Pahlawan Revolusi No. 12', '085701483972'),
('S023', 'K003', '2018-07-03', 'Ilham', 'Laki-laki', 'Xaverius', 'Jl. Jenderal Sudirman No. 45', '084620593827'),
('S024', 'K003', '2018-10-01', 'Indah', 'Perempuan', 'Yoga', 'Jl. Jenderal Ahmad Yani No. 78', '083450296784'),
('S025', 'K003', '2018-06-15', 'Irfan', 'Laki-laki', 'Zulfikar', 'Jl. Pahlawan Revolusi No. 90', '082390485712'),
('S026', 'K003', '2018-09-19', 'Ismail', 'Perempuan', 'Ade', 'Jl. Ahmad Dahlan No. 23', '081230874968'),
('S027', 'K003', '2018-02-17', 'Jamal', 'Laki-laki', 'Bambang', 'Jl. HOS Cokroaminoto No. 56', '080138472956'),
('S028', 'K003', '2018-04-01', 'Joko', 'Perempuan', 'Cokro', 'Jl. Kapten Pattimura No. 89', '089020582947'),
('S029', 'K003', '2018-08-25', 'Kurniawan', 'Laki-laki', 'Dewi', 'Jl. Letjen S. Parman No. 12', '087840295837'),
('S030', 'K003', '2018-12-07', 'Lestari', 'Perempuan', 'Edy', 'Jl. Raden Inten No. 45', '086690284716'),
('S031', 'K004', '2018-01-16', 'Luthfi', 'Laki-laki', 'Fauzi', 'Jl. Sultan Agung No. 78', '085540273895'),
('S032', 'K004', '2018-03-31', 'Miftah', 'Perempuan', 'Gede', 'Jl. Sultan Hasanuddin No. 90', '084490284716'),
('S033', 'K004', '2018-07-18', 'Mukti', 'Laki-laki', 'Hari', 'Jl. Taman Siswa No. 23', '083340295837'),
('S034', 'K004', '2018-10-27', 'Nadia', 'Perempuan', 'Iskandar', 'Jl. Jenderal Sudirman No. 56', '082290284716'),
('S035', 'K004', '2018-06-10', 'Nanda', 'Laki-laki', 'Jaka', 'Jl. Jenderal Soedirman No. 89', '081140295837'),
('S036', 'K004', '2018-09-03', 'Nandang', 'Perempuan', 'Kurnia', 'Jl. Brigjen Katamso No. 12', '084732056538'),
('S037', 'K004', '2018-02-25', 'Nova', 'Laki-laki', 'Laksana', 'Jl. Dr. Wahidin Sudirohusodo No. 45', '088940295837'),
('S038', 'K004', '2018-04-20', 'Nugroho', 'Laki-laki', 'Mardiyanto', 'Jl. Jenderal Besar Gatot Subroto No. 78', '087802847162'),
('S039', 'K004', '2018-08-31', 'Okta', 'Laki-laki', 'Nugroho', 'Jl. Ahmad Yani No. 90', '086664029583'),
('S040', 'K004', '2018-12-20', 'Pandu', 'Laki-laki', 'Octavianus', 'Jl. Pahlawan Revolusi No. 23', '085525028471'),
('S041', 'K005', '2018-01-29', 'Prasetya', 'Laki-laki', 'Priyo', 'Jl. Jenderal Sudirman No. 56', '084380284716'),
('S042', 'K005', '2018-03-22', 'Pratama', 'Perempuan', 'Rian', 'Jl. Jenderal Ahmad Yani No. 89', '083250295837'),
('S043', 'K005', '2018-07-11', 'Putra', 'Laki-laki', 'Suranto', 'Jl. Pahlawan Revolusi No. 12', '082120284716'),
('S044', 'K005', '2018-10-08', 'Rama', 'Perempuan', 'Tulus', 'Jl. Ahmad Dahlan No. 45', '081030295837'),
('S045', 'K005', '2018-06-23', 'Rizki', 'Laki-laki', 'Udin', 'Jl. HOS Cokroaminoto No. 78', '080040284716'),
('S046', 'K005', '2018-09-02', 'Rony', 'Perempuan', 'Vio', 'Jl. Kapten Pattimura No. 90', '088940295837'),
('S047', 'K005', '2018-02-04', 'Rizal', 'Laki-laki', 'Widodo', 'Jl. Merdeka No. 34', '087890284716'),
('S048', 'K005', '2018-04-14', 'Sabar', 'Laki-laki', 'Yulianto', 'Jl. Sudirman No. 67', '086840295837'),
('S049', 'K005', '2018-08-18', 'Sari', 'Laki-laki', 'Zainal', 'Jl. Diponegoro No. 9', '086090284716'),
('S050', 'K005', '2018-12-13', 'Satria', 'Laki-laki', 'Arief', 'Jl. Gatot Subroto No. 11', '089721534345'),
('S051', 'K006', '2018-01-24', 'Setya', 'Laki-laki', 'Bambang', 'Jl. Jenderal Sudirman No. 45', '084090284716'),
('S052', 'K006', '2018-03-11', 'Shandy', 'Perempuan', 'Cepi', 'Jl. Jenderal Ahmad Yani No. 78', '083040295837'),
('S053', 'K006', '2018-07-04', 'Slamet', 'Laki-laki', 'Dedy', 'Jl. Pahlawan Revolusi No. 101', '082090284716'),
('S054', 'K006', '2018-10-02', 'Sugeng', 'Perempuan', 'Erwin', 'Jl. Ahmad Dahlan No. 124', '081040295837'),
('S055', 'K006', '2018-06-16', 'Sulaiman', 'Laki-laki', 'Feri', 'Jl. HOS Cokroaminoto No. 147', '083520674821'),
('S056', 'K006', '2018-09-20', 'Sumardi', 'Perempuan', 'Gito', 'Jl. Kapten Pattimura No. 170', '089040295837'),
('S057', 'K006', '2018-02-18', 'Supriyanto', 'Laki-laki', 'Hartono', 'Jl. Letjen S. Parman No. 193', '088090284716'),
('S058', 'K006', '2018-04-02', 'Syahrul', 'Laki-laki', 'Iwan', 'Jl. Raden Inten No. 216', '087040295837'),
('S059', 'K006', '2018-08-26', 'Syarif', 'Laki-laki', 'Jati', 'Jl. Sultan Agung No. 239', '086090284716'),
('S060', 'K006', '2018-12-08', 'Taufik', 'Laki-laki', 'Karyanto', 'Jl. Sultan Hasanuddin No. 262', '086489352761'),
('S061', 'K007', '2018-01-17', 'Thariq', 'Laki-laki', 'Lutfi', 'Jl. Taman Siswa No. 285', '086405928671'),
('S062', 'K007', '2018-03-30', 'Toni', 'Perempuan', 'Muhammad', 'Jl. Jenderal Sudirman No. 308', '083040295837'),
('S063', 'K007', '2018-07-19', 'Umar', 'Laki-laki', 'Narto', 'Jl. Jenderal Soedirman No. 331', '082090284716'),
('S064', 'K007', '2018-10-28', 'Utama', 'Perempuan', 'Oki', 'Jl. Brigjen Katamso No. 354', '081040295837'),
('S065', 'K007', '2018-06-11', 'Wahyu', 'Laki-laki', 'Prasetyo', 'Jl. Dr. Wahidin Sudirohusodo No. 377', '086502978153'),
('S066', 'K007', '2018-09-04', 'Wildan', 'Perempuan', 'Qonitah', 'Jl. Jenderal Besar Gatot Subroto No. 400', '089040295837'),
('S067', 'K007', '2018-02-26', 'Yadi', 'Laki-laki', 'Rangga', 'Jl. Ahmad Yani No. 423', '088090284716'),
('S068', 'K007', '2018-04-21', 'Yudha', 'Laki-laki', 'Suroso', 'Jl. Pahlawan Revolusi No. 446', '087040295837'),
('S069', 'K007', '2018-08-30', 'Yulianto', 'Laki-laki', 'Tarmizi', 'Jl. Jenderal Sudirman No. 469', '086090284716'),
('S070', 'K007', '2018-12-19', 'Yusril', 'Laki-laki', 'Umar', 'Jl. Jenderal Ahmad Yani No. 492', '085327401986'),
('S071', 'K008', '2018-01-30', 'Yusuf', 'Laki-laki', 'Vino', 'Jl. Pahlawan Revolusi No. 515', '085793812068'),
('S072', 'K008', '2018-03-23', 'Yunus', 'Perempuan', 'Wahyudi', 'Jl. Ahmad Dahlan No. 538', '083040295837'),
('S073', 'K008', '2018-07-12', 'Zainal', 'Laki-laki', 'Yulianto', 'Jl. HOS Cokroaminoto No. 561', '082090284716'),
('S074', 'K008', '2018-10-09', 'Zaki', 'Perempuan', 'Zainal', 'Jl. Kapten Pattimura No. 584', '081040295837'),
('S075', 'K008', '2018-06-24', 'Zulfikar', 'Laki-laki', 'Agus', 'Jl. Letjen S. Parman No. 607', '086405928671'),
('S076', 'K008', '2018-09-03', 'Iqbal', 'Perempuan', 'Bambang', 'Jl. Raden Inten No. 630', '089040295837'),
('S077', 'K008', '2018-02-05', 'Fikri', 'Laki-laki', 'Chandra', 'Jl. Sultan Agung No. 653', '088090284716'),
('S078', 'K008', '2018-04-15', 'Dedy', 'Laki-laki', 'Dedi', 'Jl. Sultan Hasanuddin No. 676', '087040295837'),
('S079', 'K008', '2018-08-19', 'Dede', 'Laki-laki', 'Eko', 'Jl. Taman Siswa No. 699', '086090284716'),
('S080', 'K008', '2018-12-14', 'Darmawan', 'Laki-laki', 'Faisal', 'Jl. Jenderal Sudirman No. 722', '084215903827'),
('S081', 'K009', '2018-01-25', 'Dedi', 'Laki-laki', 'Gunarto', 'Jl. Jenderal Soedirman No. 745', '082973460581'),
('S082', 'K009', '2018-03-12', 'Anwar', 'Perempuan', 'Hadi', 'Jl. Brigjen Katamso No. 768', '087349028167'),
('S083', 'K009', '2018-07-05', 'Arifin', 'Laki-laki', 'Irfan', 'Jl. Dr. Wahidin Sudirohusodo No. 791', '084938571206'),
('S084', 'K009', '2018-10-03', 'Asrul', 'Perempuan', 'Joko', 'Jl. Jenderal Besar Gatot Subroto No. 814', '082645893701'),
('S085', 'K009', '2018-06-17', 'Chandra', 'Laki-laki', 'Kurniawan', 'Jl. Ahmad Yani No. 837', '085693872153'),
('S086', 'K009', '2018-09-21', 'Dwi', 'Perempuan', 'Lestari', 'Jl. Pahlawan Revolusi No. 860', '084732056198'),
('S087', 'K009', '2018-02-19', 'Eko', 'Laki-laki', 'Mulyadi', 'Jl. Jenderal Sudirman No. 883', '083520674821'),
('S088', 'K009', '2018-04-03', 'Fauzi', 'Laki-laki', 'Nurdin', 'Jl. Jenderal Ahmad Yani No. 906', '086502978153'),
('S089', 'K009', '2018-08-27', 'Hadi', 'Laki-laki', 'Oetomo', 'Jl. Pahlawan Revolusi No. 929', '086405928671'),
('S090', 'K009', '2018-12-09', 'Hanif', 'Laki-laki', 'Purnomo', 'Jl. Ahmad Dahlan No. 952', '085793812068'),
('S091', 'K010', '2018-01-18', 'Iqbal', 'Laki-laki', 'Qodir', 'Jl. HOS Cokroaminoto No. 975', '082973460581'),
('S092', 'K010', '2018-03-29', 'Khoirul', 'Perempuan', 'Rachmat', 'Jl. Kapten Pattimura No. 998', '086048275831'),
('S093', 'K010', '2018-07-16', 'Kresna', 'Laki-laki', 'Susanto', 'Jl. Letjen S. Parman No. 23', '084731695210'),
('S094', 'K010', '2018-10-24', 'Kuswanto', 'Perempuan', 'Tjahjono', 'Jl. Raden Inten No. 56', '083510298648'),
('S095', 'K010', '2018-06-08', 'Muhaimin', 'Laki-laki', 'Umar', 'Jl. Sultan Agung No. 89', '081240687953'),
('S096', 'K010', '2018-09-11', 'Nizar', 'Perempuan', 'Vebrianto', 'Jl. Sultan Hasanuddin No. 12', '089721534268'),
('S097', 'K010', '2018-02-24', 'Rizkiyah', 'Laki-laki', 'Wahyu', 'Jl. Taman Siswa No. 45', '086489352761'),
('S098', 'K010', '2018-04-19', 'Siti', 'Laki-laki', 'Yudi', 'Jl. Jenderal Sudirman No. 78', '085327401986'),
('S099', 'K010', '2018-08-31', 'Suprianto', 'Laki-laki', 'Zulfikar', 'Jl. Jenderal Soedirman No. 90', '084215903827'),
('S100', 'K010', '2018-12-20', 'Tri', 'Laki-laki', 'Agung', 'Jl. Brigjen Katamso No. 23', '083094285713');

INSERT INTO Mapel (ID_Mapel, Nama_Mapel) 
VALUES
('M001', 'Membaca'),
('M002', 'Menulis'),
('M003', 'Berhitung'),
('M004', 'Menggambar'),
('M005', 'Mewarnai');

INSERT INTO KelasMapel (ID_Kelas, ID_Guru, ID_Mapel) 
VALUES
('K001', 'G002', 'M001'),
('K002', 'G002', 'M002'),
('K003', 'G003', 'M003'),
('K004', 'G004', 'M004'),
('K005', 'G005', 'M005'),
('K006', 'G006', 'M001'),
('K007', 'G007', 'M002'),
('K008', 'G008', 'M003'),
('K009', 'G009', 'M004'),
('K010', 'G010', 'M005'),

('K001', 'G011', 'M002'),
('K002', 'G012', 'M003'),
('K003', 'G013', 'M004'),
('K004', 'G014', 'M005'),
('K005', 'G015', 'M001'),
('K006', 'G016', 'M002'),
('K007', 'G017', 'M003'),
('K008', 'G018', 'M004'),
('K009', 'G019', 'M005'),
('K010', 'G020', 'M001'),

('K001', 'G008', 'M003'),
('K002', 'G005', 'M004'),
('K003', 'G002', 'M005'),
('K004', 'G016', 'M001'),
('K005', 'G018', 'M002'),
('K006', 'G019', 'M003'),
('K007', 'G014', 'M004'),
('K008', 'G006', 'M005'),
('K009', 'G010', 'M001'),
('K010', 'G011', 'M002');

INSERT INTO SiswaMapel (ID_Siswa, Nama_Guru, Nama_Mapel, Nilai, Deskripsi)
VALUES
('S001', 'John Smith', 'Membaca', 'B', 'Baik'),
('S002', 'John Smith', 'Membaca', 'C', 'Cukup'),
('S003', 'John Smith', 'Membaca', 'D', 'Kurang'),
('S004', 'John Smith', 'Membaca', 'D', 'Kurang'),
('S005', 'John Smith', 'Membaca', 'C', 'Cukup'),
('S006', 'John Smith', 'Membaca', 'C', 'Cukup'),
('S007', 'John Smith', 'Membaca', 'B', 'Baik'),
('S008', 'John Smith', 'Membaca', 'B', 'Baik'),
('S009', 'John Smith', 'Membaca', 'A', 'Sangat Baik'),
('S010', 'John Smith', 'Membaca', 'C', 'Cukup'),
('S011', 'Jane Doe', 'Menulis', 'B', 'Baik'),
('S012', 'Jane Doe', 'Menulis', 'B', 'Baik'),
('S013', 'Jane Doe', 'Menulis', 'A', 'Sangat Baik'),
('S014', 'Jane Doe', 'Menulis', 'D', 'Kurang'),
('S015', 'Jane Doe', 'Menulis', 'D', 'Kurang'),
('S016', 'Jane Doe', 'Menulis', 'D', 'Kurang'),
('S017', 'Jane Doe', 'Menulis', 'A', 'Sangat Baik'),
('S018', 'Jane Doe', 'Menulis', 'B', 'Baik'),
('S019', 'Jane Doe', 'Menulis', 'B', 'Baik'),
('S020', 'Jane Doe', 'Menulis', 'D', 'Kurang'),
('S021', 'Michael Johnson', 'Berhitung', 'B', 'Baik'),
('S022', 'Michael Johnson', 'Berhitung', 'D', 'Kurang'),
('S023', 'Michael Johnson', 'Berhitung', 'D', 'Kurang'),
('S024', 'Michael Johnson', 'Berhitung', 'D', 'Kurang'),
('S025', 'Michael Johnson', 'Berhitung', 'D', 'Kurang'),
('S026', 'Michael Johnson', 'Berhitung', 'B', 'Baik'),
('S027', 'Michael Johnson', 'Berhitung', 'B', 'Baik'),
('S028', 'Michael Johnson', 'Berhitung', 'C', 'Cukup'),
('S029', 'Michael Johnson', 'Berhitung', 'A', 'Sangat Baik'),
('S030', 'Michael Johnson', 'Berhitung', 'D', 'Kurang'),
('S031', 'Emily Brown', 'Menggambar', 'C', 'Cukup'),
('S032', 'Emily Brown', 'Menggambar', 'D', 'Kurang'),
('S033', 'Emily Brown', 'Menggambar', 'A', 'Sangat Baik'),
('S034', 'Emily Brown', 'Menggambar', 'C', 'Cukup'),
('S035', 'Emily Brown', 'Menggambar', 'A', 'Sangat Baik'),
('S036', 'Emily Brown', 'Menggambar', 'B', 'Baik'),
('S037', 'Emily Brown', 'Menggambar', 'A', 'Sangat Baik'),
('S038', 'Emily Brown', 'Menggambar', 'D', 'Kurang'),
('S039', 'Emily Brown', 'Menggambar', 'A', 'Sangat Baik'),
('S040', 'Emily Brown', 'Menggambar', 'D', 'Kurang'),
('S041', 'Joshua Davis', 'Mewarnai', 'D', 'Kurang'),
('S042', 'Joshua Davis', 'Mewarnai', 'B', 'Baik'),
('S043', 'Joshua Davis', 'Mewarnai', 'D', 'Kurang'),
('S044', 'Joshua Davis', 'Mewarnai', 'B', 'Baik'),
('S045', 'Joshua Davis', 'Mewarnai', 'D', 'Kurang'),
('S046', 'Joshua Davis', 'Mewarnai', 'B', 'Baik'),
('S047', 'Joshua Davis', 'Mewarnai', 'D', 'Kurang'),
('S048', 'Joshua Davis', 'Mewarnai', 'C', 'Cukup'),
('S049', 'Joshua Davis', 'Mewarnai', 'B', 'Baik'),
('S050', 'Joshua Davis', 'Mewarnai', 'D', 'Kurang'),
('S051', 'Ashley Miller', 'Menggambar', 'C', 'Cukup'),
('S052', 'Ashley Miller', 'Menggambar', 'B', 'Baik'),
('S053', 'Ashley Miller', 'Menggambar', 'A', 'Sangat Baik'),
('S054', 'Ashley Miller', 'Menggambar', 'D', 'Kurang'),
('S055', 'Ashley Miller', 'Menggambar', 'A', 'Sangat Baik'),
('S056', 'Ashley Miller', 'Menggambar', 'B', 'Baik'),
('S057', 'Ashley Miller', 'Menggambar', 'B', 'Baik'),
('S058', 'Ashley Miller', 'Menggambar', 'C', 'Cukup'),
('S059', 'Ashley Miller', 'Menggambar', 'B', 'Baik'),
('S060', 'Ashley Miller', 'Menggambar', 'D', 'Kurang'),
('S061', 'Matthew Wilson', 'Menulis', 'C', 'Cukup'),
('S062', 'Matthew Wilson', 'Menulis', 'D', 'Kurang'),
('S063', 'Matthew Wilson', 'Menulis', 'D', 'Kurang'),
('S064', 'Matthew Wilson', 'Menulis', 'C', 'Cukup'),
('S065', 'Matthew Wilson', 'Menulis', 'C', 'Cukup'),
('S066', 'Matthew Wilson', 'Menulis', 'C', 'Cukup'),
('S067', 'Matthew Wilson', 'Menulis', 'B', 'Baik'),
('S068', 'Matthew Wilson', 'Menulis', 'B', 'Baik'),
('S069', 'Matthew Wilson', 'Menulis', 'C', 'Cukup'),
('S070', 'Matthew Wilson', 'Menulis', 'D', 'Kurang'),
('S071', 'Olivia Moore', 'Berhitung', 'B', 'Baik'),
('S072', 'Olivia Moore', 'Berhitung', 'A', 'Sangat Baik'),
('S073', 'Olivia Moore', 'Berhitung', 'D', 'Kurang'),
('S074', 'Olivia Moore', 'Berhitung', 'A', 'Sangat Baik'),
('S075', 'Olivia Moore', 'Berhitung', 'D', 'Kurang'),
('S076', 'Olivia Moore', 'Berhitung', 'C', 'Cukup'),
('S077', 'Olivia Moore', 'Berhitung', 'D', 'Kurang'),
('S078', 'Olivia Moore', 'Berhitung', 'B', 'Baik'),
('S079', 'Olivia Moore', 'Berhitung', 'B', 'Baik'),
('S080', 'Olivia Moore', 'Berhitung', 'A', 'Sangat Baik'),
('S081', 'Jacob Taylor', 'Menggambar', 'D', 'Kurang'),
('S082', 'Jacob Taylor', 'Menggambar', 'B', 'Baik'),
('S083', 'Jacob Taylor', 'Menggambar', 'D', 'Kurang'),
('S084', 'Jacob Taylor', 'Menggambar', 'C', 'Cukup'),
('S085', 'Jacob Taylor', 'Menggambar', 'C', 'Cukup'),
('S086', 'Jacob Taylor', 'Menggambar', 'C', 'Cukup'),
('S087', 'Jacob Taylor', 'Menggambar', 'D', 'Kurang'),
('S088', 'Jacob Taylor', 'Menggambar', 'C', 'Cukup'),
('S089', 'Jacob Taylor', 'Menggambar', 'B', 'Baik'),
('S090', 'Jacob Taylor', 'Menggambar', 'D', 'Kurang'),
('S091', 'Isabella Anders', 'Mewarnai', 'D', 'Kurang'),
('S092', 'Isabella Anders', 'Mewarnai', 'B', 'Baik'),
('S093', 'Isabella Anders', 'Mewarnai', 'C', 'Cukup'),
('S094', 'Isabella Anders', 'Mewarnai', 'A', 'Sangat Baik'),
('S095', 'Isabella Anders', 'Mewarnai', 'B', 'Baik'),
('S096', 'Isabella Anders', 'Mewarnai', 'A', 'Sangat Baik'),
('S097', 'Isabella Anders', 'Mewarnai', 'C', 'Cukup'),
('S098', 'Isabella Anders', 'Mewarnai', 'A', 'Sangat Baik'),
('S099', 'Isabella Anders', 'Mewarnai', 'A', 'Sangat Baik'),
('S100', 'Isabella Anders', 'Mewarnai', 'B', 'Baik'),
('S001', 'Sudirman Sastra', 'Menulis', 'D', 'Kurang'),
('S002', 'Sudirman Sastra', 'Menulis', 'B', 'Baik'),
('S003', 'Sudirman Sastra', 'Menulis', 'D', 'Kurang'),
('S004', 'Sudirman Sastra', 'Menulis', 'C', 'Cukup'),
('S005', 'Sudirman Sastra', 'Menulis', 'B', 'Baik'),
('S006', 'Sudirman Sastra', 'Menulis', 'A', 'Sangat Baik'),
('S007', 'Sudirman Sastra', 'Menulis', 'D', 'Kurang'),
('S008', 'Sudirman Sastra', 'Menulis', 'A', 'Sangat Baik'),
('S009', 'Sudirman Sastra', 'Menulis', 'B', 'Baik'),
('S010', 'Sudirman Sastra', 'Menulis', 'B', 'Baik'),
('S011', 'Tuti Wulan', 'Berhitung', 'A', 'Sangat Baik'),
('S012', 'Tuti Wulan', 'Berhitung', 'C', 'Cukup'),
('S013', 'Tuti Wulan', 'Berhitung', 'B', 'Baik'),
('S014', 'Tuti Wulan', 'Berhitung', 'D', 'Kurang'),
('S015', 'Tuti Wulan', 'Berhitung', 'B', 'Baik'),
('S016', 'Tuti Wulan', 'Berhitung', 'A', 'Sangat Baik'),
('S017', 'Tuti Wulan', 'Berhitung', 'C', 'Cukup'),
('S018', 'Tuti Wulan', 'Berhitung', 'B', 'Baik'),
('S019', 'Tuti Wulan', 'Berhitung', 'D', 'Kurang'),
('S020', 'Tuti Wulan', 'Berhitung', 'A', 'Sangat Baik'),
('S021', 'Agus Gunawan', 'Menggambar', 'C', 'Cukup'),
('S022', 'Agus Gunawan', 'Menggambar', 'B', 'Baik'),
('S023', 'Agus Gunawan', 'Menggambar', 'D', 'Kurang'),
('S024', 'Agus Gunawan', 'Menggambar', 'A', 'Sangat Baik'),
('S025', 'Agus Gunawan', 'Menggambar', 'C', 'Cukup'),
('S026', 'Agus Gunawan', 'Menggambar', 'C', 'Cukup'),
('S027', 'Agus Gunawan', 'Menggambar', 'B', 'Baik'),
('S028', 'Agus Gunawan', 'Menggambar', 'B', 'Baik'),
('S029', 'Agus Gunawan', 'Menggambar', 'D', 'Kurang'),
('S030', 'Agus Gunawan', 'Menggambar', 'B', 'Baik'),
('S031', 'Rina Purnama', 'Mewarnai', 'C', 'Cukup'),
('S032', 'Rina Purnama', 'Mewarnai', 'B', 'Baik'),
('S033', 'Rina Purnama', 'Mewarnai', 'C', 'Cukup'),
('S034', 'Rina Purnama', 'Mewarnai', 'D', 'Kurang'),
('S035', 'Rina Purnama', 'Mewarnai', 'D', 'Kurang'),
('S036', 'Rina Purnama', 'Mewarnai', 'A', 'Sangat Baik'),
('S037', 'Rina Purnama', 'Mewarnai', 'A', 'Sangat Baik'),
('S038', 'Rina Purnama', 'Mewarnai', 'C', 'Cukup'),
('S039', 'Rina Purnama', 'Mewarnai', 'A', 'Sangat Baik'),
('S040', 'Rina Purnama', 'Mewarnai', 'D', 'Kurang'),
('S041', 'Budi Hartono', 'Menggambar', 'B', 'Baik'),
('S042', 'Budi Hartono', 'Menggambar', 'B', 'Baik'),
('S043', 'Budi Hartono', 'Menggambar', 'B', 'Baik'),
('S044', 'Budi Hartono', 'Menggambar', 'C', 'Cukup'),
('S045', 'Budi Hartono', 'Menggambar', 'A', 'Sangat Baik'),
('S046', 'Budi Hartono', 'Menggambar', 'D', 'Kurang'),
('S047', 'Budi Hartono', 'Menggambar', 'B', 'Baik'),
('S048', 'Budi Hartono', 'Menggambar', 'A', 'Sangat Baik'),
('S049', 'Budi Hartono', 'Menggambar', 'D', 'Kurang'),
('S050', 'Budi Hartono', 'Menggambar', 'D', 'Kurang'),
('S051', 'Diana Sari', 'Menulis', 'B', 'Baik'),
('S052', 'Diana Sari', 'Menulis', 'D', 'Kurang'),
('S053', 'Diana Sari', 'Menulis', 'B', 'Baik'),
('S054', 'Diana Sari', 'Menulis', 'B', 'Baik'),
('S055', 'Diana Sari', 'Menulis', 'B', 'Baik'),
('S056', 'Diana Sari', 'Menulis', 'C', 'Cukup'),
('S057', 'Diana Sari', 'Menulis', 'A', 'Sangat Baik'),
('S058', 'Diana Sari', 'Menulis', 'D', 'Kurang'),
('S059', 'Diana Sari', 'Menulis', 'D', 'Kurang'),
('S060', 'Diana Sari', 'Menulis', 'A', 'Sangat Baik'),
('S061', 'Eko Prasetyo', 'Berhitung', 'B', 'Baik'),
('S062', 'Eko Prasetyo', 'Berhitung', 'A', 'Sangat Baik'),
('S063', 'Eko Prasetyo', 'Berhitung', 'B', 'Baik'),
('S064', 'Eko Prasetyo', 'Berhitung', 'D', 'Kurang'),
('S065', 'Eko Prasetyo', 'Berhitung', 'B', 'Baik'),
('S066', 'Eko Prasetyo', 'Berhitung', 'C', 'Cukup'),
('S067', 'Eko Prasetyo', 'Berhitung', 'A', 'Sangat Baik'),
('S068', 'Eko Prasetyo', 'Berhitung', 'C', 'Cukup'),
('S069', 'Eko Prasetyo', 'Berhitung', 'D', 'Kurang'),
('S070', 'Eko Prasetyo', 'Berhitung', 'D', 'Kurang'),
('S071', 'Fajar Wahyudi', 'Menggambar', 'B', 'Baik'),
('S072', 'Fajar Wahyudi', 'Menggambar', 'D', 'Kurang'),
('S073', 'Fajar Wahyudi', 'Menggambar', 'B', 'Baik'),
('S074', 'Fajar Wahyudi', 'Menggambar', 'D', 'Kurang'),
('S075', 'Fajar Wahyudi', 'Menggambar', 'A', 'Sangat Baik'),
('S076', 'Fajar Wahyudi', 'Menggambar', 'C', 'Cukup'),
('S077', 'Fajar Wahyudi', 'Menggambar', 'B', 'Baik'),
('S078', 'Fajar Wahyudi', 'Menggambar', 'A', 'Sangat Baik'),
('S079', 'Fajar Wahyudi', 'Menggambar', 'A', 'Sangat Baik'),
('S080', 'Fajar Wahyudi', 'Menggambar', 'C', 'Cukup'),
('S081', 'Gusti Ayu', 'Mewarnai', 'C', 'Cukup'),
('S082', 'Gusti Ayu', 'Mewarnai', 'C', 'Cukup'),
('S083', 'Gusti Ayu', 'Mewarnai', 'C', 'Cukup'),
('S084', 'Gusti Ayu', 'Mewarnai', 'A', 'Sangat Baik'),
('S085', 'Gusti Ayu', 'Mewarnai', 'C', 'Cukup'),
('S086', 'Gusti Ayu', 'Mewarnai', 'D', 'Kurang'),
('S087', 'Gusti Ayu', 'Mewarnai', 'B', 'Baik'),
('S088', 'Gusti Ayu', 'Mewarnai', 'C', 'Cukup'),
('S089', 'Gusti Ayu', 'Mewarnai', 'A', 'Sangat Baik'),
('S090', 'Gusti Ayu', 'Mewarnai', 'D', 'Kurang'),
('S091', 'Hendra Setiawan', 'Menggambar', 'C', 'Cukup'),
('S092', 'Hendra Setiawan', 'Menggambar', 'D', 'Kurang'),
('S093', 'Hendra Setiawan', 'Menggambar', 'D', 'Kurang'),
('S094', 'Hendra Setiawan', 'Menggambar', 'D', 'Kurang'),
('S095', 'Hendra Setiawan', 'Menggambar', 'D', 'Kurang'),
('S096', 'Hendra Setiawan', 'Menggambar', 'D', 'Kurang'),
('S097', 'Hendra Setiawan', 'Menggambar', 'B', 'Baik'),
('S098', 'Hendra Setiawan', 'Menggambar', 'A', 'Sangat Baik'),
('S099', 'Hendra Setiawan', 'Menggambar', 'C', 'Cukup'),
('S100', 'Hendra Setiawan', 'Menggambar', 'A', 'Sangat Baik'),
('S001', 'Olivia Moore', 'Berhitung', 'B', 'Baik'),
('S002', 'Olivia Moore', 'Berhitung', 'A', 'Sangat Baik'),
('S003', 'Olivia Moore', 'Berhitung', 'C', 'Cukup'),
('S004', 'Olivia Moore', 'Berhitung', 'D', 'Kurang'),
('S005', 'Olivia Moore', 'Berhitung', 'D', 'Kurang'),
('S006', 'Olivia Moore', 'Berhitung', 'D', 'Kurang'),
('S007', 'Olivia Moore', 'Berhitung', 'C', 'Cukup'),
('S008', 'Olivia Moore', 'Berhitung', 'D', 'Kurang'),
('S009', 'Olivia Moore', 'Berhitung', 'A', 'Sangat Baik'),
('S010', 'Olivia Moore', 'Berhitung', 'D', 'Kurang'),
('S011', 'Joshua Davis', 'Menggambar', 'D', 'Kurang'),
('S012', 'Joshua Davis', 'Menggambar', 'C', 'Cukup'),
('S013', 'Joshua Davis', 'Menggambar', 'C', 'Cukup'),
('S014', 'Joshua Davis', 'Menggambar', 'D', 'Kurang'),
('S015', 'Joshua Davis', 'Menggambar', 'A', 'Sangat Baik'),
('S016', 'Joshua Davis', 'Menggambar', 'D', 'Kurang'),
('S017', 'Joshua Davis', 'Menggambar', 'B', 'Baik'),
('S018', 'Joshua Davis', 'Menggambar', 'D', 'Kurang'),
('S019', 'Joshua Davis', 'Menggambar', 'B', 'Baik'),
('S020', 'Joshua Davis', 'Menggambar', 'B', 'Baik'),
('S021', 'Jane Doe', 'Mewarnai', 'D', 'Kurang'),
('S022', 'Jane Doe', 'Mewarnai', 'B', 'Baik'),
('S023', 'Jane Doe', 'Mewarnai', 'B', 'Baik'),
('S024', 'Jane Doe', 'Mewarnai', 'C', 'Cukup'),
('S025', 'Jane Doe', 'Mewarnai', 'A', 'Sangat Baik'),
('S026', 'Jane Doe', 'Mewarnai', 'A', 'Sangat Baik'),
('S027', 'Jane Doe', 'Mewarnai', 'B', 'Baik'),
('S028', 'Jane Doe', 'Mewarnai', 'D', 'Kurang'),
('S029', 'Jane Doe', 'Mewarnai', 'D', 'Kurang'),
('S030', 'Jane Doe', 'Mewarnai', 'A', 'Sangat Baik'),
('S031', 'Diana Sari', 'Menggambar', 'C', 'Cukup'),
('S032', 'Diana Sari', 'Menggambar', 'D', 'Kurang'),
('S033', 'Diana Sari', 'Menggambar', 'C', 'Cukup'),
('S034', 'Diana Sari', 'Menggambar', 'C', 'Cukup'),
('S035', 'Diana Sari', 'Menggambar', 'A', 'Sangat Baik'),
('S036', 'Diana Sari', 'Menggambar', 'A', 'Sangat Baik'),
('S037', 'Diana Sari', 'Menggambar', 'D', 'Kurang'),
('S038', 'Diana Sari', 'Menggambar', 'B', 'Baik'),
('S039', 'Diana Sari', 'Menggambar', 'C', 'Cukup'),
('S040', 'Diana Sari', 'Menggambar', 'C', 'Cukup'),
('S041', 'Fajar Wahyudi', 'Menulis', 'D', 'Kurang'),
('S042', 'Fajar Wahyudi', 'Menulis', 'A', 'Sangat Baik'),
('S043', 'Fajar Wahyudi', 'Menulis', 'B', 'Baik'),
('S044', 'Fajar Wahyudi', 'Menulis', 'C', 'Cukup'),
('S045', 'Fajar Wahyudi', 'Menulis', 'B', 'Baik'),
('S046', 'Fajar Wahyudi', 'Menulis', 'C', 'Cukup'),
('S047', 'Fajar Wahyudi', 'Menulis', 'B', 'Baik'),
('S048', 'Fajar Wahyudi', 'Menulis', 'C', 'Cukup'),
('S049', 'Fajar Wahyudi', 'Menulis', 'B', 'Baik'),
('S050', 'Fajar Wahyudi', 'Menulis', 'A', 'Sangat Baik'),
('S051', 'Gusti Ayu', 'Berhitung', 'B', 'Baik'),
('S052', 'Gusti Ayu', 'Berhitung', 'C', 'Cukup'),
('S053', 'Gusti Ayu', 'Berhitung', 'D', 'Kurang'),
('S054', 'Gusti Ayu', 'Berhitung', 'A', 'Sangat Baik'),
('S055', 'Gusti Ayu', 'Berhitung', 'C', 'Cukup'),
('S056', 'Gusti Ayu', 'Berhitung', 'B', 'Baik'),
('S057', 'Gusti Ayu', 'Berhitung', 'B', 'Baik'),
('S058', 'Gusti Ayu', 'Berhitung', 'A', 'Sangat Baik'),
('S059', 'Gusti Ayu', 'Berhitung', 'A', 'Sangat Baik'),
('S060', 'Gusti Ayu', 'Berhitung', 'C', 'Cukup'),
('S061', 'Rina Purnama', 'Menggambar', 'B', 'Baik'),
('S062', 'Rina Purnama', 'Menggambar', 'D', 'Kurang'),
('S063', 'Rina Purnama', 'Menggambar', 'B', 'Baik'),
('S064', 'Rina Purnama', 'Menggambar', 'A', 'Sangat Baik'),
('S065', 'Rina Purnama', 'Menggambar', 'C', 'Cukup'),
('S066', 'Rina Purnama', 'Menggambar', 'B', 'Baik'),
('S067', 'Rina Purnama', 'Menggambar', 'A', 'Sangat Baik'),
('S068', 'Rina Purnama', 'Menggambar', 'A', 'Sangat Baik'),
('S069', 'Rina Purnama', 'Menggambar', 'B', 'Baik'),
('S070', 'Rina Purnama', 'Menggambar', 'B', 'Baik'),
('S071', 'Ashley Miller', 'Mewarnai', 'D', 'Kurang'),
('S072', 'Ashley Miller', 'Mewarnai', 'D', 'Kurang'),
('S073', 'Ashley Miller', 'Mewarnai', 'B', 'Baik'),
('S074', 'Ashley Miller', 'Mewarnai', 'A', 'Sangat Baik'),
('S075', 'Ashley Miller', 'Mewarnai', 'D', 'Kurang'),
('S076', 'Ashley Miller', 'Mewarnai', 'D', 'Kurang'),
('S077', 'Ashley Miller', 'Mewarnai', 'B', 'Baik'),
('S078', 'Ashley Miller', 'Mewarnai', 'C', 'Cukup'),
('S079', 'Ashley Miller', 'Mewarnai', 'D', 'Kurang'),
('S080', 'Ashley Miller', 'Mewarnai', 'B', 'Baik'),
('S081', 'Isabella Anders', 'Menggambar', 'A', 'Sangat Baik'),
('S082', 'Isabella Anders', 'Menggambar', 'D', 'Kurang'),
('S083', 'Isabella Anders', 'Menggambar', 'A', 'Sangat Baik'),
('S084', 'Isabella Anders', 'Menggambar', 'A', 'Sangat Baik'),
('S085', 'Isabella Anders', 'Menggambar', 'D', 'Kurang'),
('S086', 'Isabella Anders', 'Menggambar', 'C', 'Cukup'),
('S087', 'Isabella Anders', 'Menggambar', 'D', 'Kurang'),
('S088', 'Isabella Anders', 'Menggambar', 'A', 'Sangat Baik'),
('S089', 'Isabella Anders', 'Menggambar', 'B', 'Baik'),
('S090', 'Isabella Anders', 'Menggambar', 'D', 'Kurang'),
('S091', 'Sudirman Sastra', 'Menulis', 'D', 'Kurang'),
('S092', 'Sudirman Sastra', 'Menulis', 'C', 'Cukup'),
('S093', 'Sudirman Sastra', 'Menulis', 'B', 'Baik'),
('S094', 'Sudirman Sastra', 'Menulis', 'A', 'Sangat Baik'),
('S095', 'Sudirman Sastra', 'Menulis', 'D', 'Kurang'),
('S096', 'Sudirman Sastra', 'Menulis', 'A', 'Sangat Baik'),
('S097', 'Sudirman Sastra', 'Menulis', 'D', 'Kurang'),
('S098', 'Sudirman Sastra', 'Menulis', 'D', 'Kurang'),
('S099', 'Sudirman Sastra', 'Menulis', 'D', 'Kurang'),
('S100', 'Sudirman Sastra', 'Menulis', 'A', 'Sangat Baik');

INSERT INTO Foto (ID_Foto, Nama_Foto, image)
VALUES
('F001', 'Adam Smith', 'image_data_1'),
('F002', 'Emily Johnson', 'image_data_2'),
('F003', 'Michael Brown', 'image_data_3'),
('F004', 'Emma Davis', 'image_data_4'),
('F005', 'Joshua Miller', 'image_data_5'),
('F006', 'Madison Wilson', 'image_data_6'),
('F007', 'Matthew Moore', 'image_data_7'),
('F008', 'Olivia Anderson', 'image_data_8'),
('F009', 'Jacob Taylor', 'image_data_9'),
('F010', 'Isabella Thomas', 'image_data_10');

INSERT INTO Absensi (ID_Siswa, ID_Kelas, ID_Mapel, Tanggal, Keterangan)
VALUES
('S001', 'K001', 'M001', '2022-01-01', 'Hadir'),
('S002', 'K001', 'M001', '2022-01-02', 'Tidak Hadir'),
('S003', 'K001', 'M002', '2022-01-03', 'Izin'),
('S004', 'K001', 'M002', '2022-01-04', 'Hadir'),
('S005', 'K002', 'M003', '2022-01-05', 'Sakit'),
('S006', 'K002', 'M003', '2022-01-06', 'Hadir'),
('S007', 'K003', 'M004', '2022-01-07', 'Tidak Hadir'),
('S008', 'K003', 'M004', '2022-01-08', 'Hadir'),
('S009', 'K004', 'M005', '2022-01-09', 'Izin'),
('S010', 'K004', 'M005', '2022-01-10', 'Hadir');

INSERT INTO Makanan (ID_Makanan, Nama_Makanan)
VALUES
('M001', 'Nasi Goreng'),
('M002', 'Mie Goreng'),
('M003', 'Nasi Uduk'),
('M004', 'Nasi Ayam'),
('M005', 'Nasi Kebuli'),
('M006', 'Mie Ayam'),
('M007', 'Nasi Campur'),
('M008', 'Sate Ayam'),
('M009', 'Sate Kambing'),
('M010', 'Nasi Pecel');

INSERT INTO Transaksi (Date, ID_Siswa, ID_Makanan, Deskripsi_Transaksi, Catatan_Guru)
VALUES
('2023-01-01', 'S001', 'M005', 'Belajar bahasa Inggris dengan dialog, kegiatan rekreasi, memahami konsep besar dan kecil dengan alat bantu', 'Siswa aktif dalam kegiatan memasak.'),
('2023-01-01', 'S002', 'M003', 'Berlatih menulis nama dengan alat bantu, memahami konsep atas dan bawah dengan gambar, belajar membaca buku cerita dengan gambar', 'Siswa menunjukkan kemampuan dalam berbicara sederhana dalam bahasa Inggris.'),
('2023-01-01', 'S003', 'M008', 'Berlatih mengerjakan soal matematika, memahami konsep tambah dan kurang dengan angka', 'Siswa menunjukkan kemampuan dalam berbicara sederhana dalam bahasa Indonesia.'),
('2023-01-01', 'S004', 'M008', 'Belajar memahami warna, membaca buku cerita dengan suara, memahami konsep depan dan belakang dengan alat bantu', 'Siswa menunjukkan kemampuan dalam berbicara sederhana dalam bahasa Inggris.'),
('2023-01-01', 'S005', 'M004', 'Belajar membaca buku cerita, berlatih soal matematika, memahami konsep tambah dan kurang', 'Siswa memahami konsep tengah dan pinggir.'),
('2023-01-01', 'S006', 'M005', 'Berlatih mengerjakan soal matematika dengan gambar, memahami konsep kiri dan kanan dengan suara, belajar bahasa Inggris dengan dialog dan gambar', 'Siswa menunjukkan kemampuan dalam mengikuti instruksi.'),
('2023-01-01', 'S007', 'M001', 'Membaca buku cerita dengan gambar, memahami konsep besar dan kecil dengan benda, berlatih menulis huruf dan angka', 'Siswa mulai bisa membaca huruf huruf dasar dengan benar.'),
('2023-01-01', 'S008', 'M010', 'Belajar bahasa Inggris, kegiatan rekreasi, memahami konsep kanan dan kiri', 'Siswa mulai bisa memahami konsep segitiga dan lingkaran.'),
('2023-01-01', 'S009', 'M007', 'Berlatih menulis nama dengan alat bantu, memahami konsep atas dan bawah dengan gambar, belajar membaca buku cerita dengan gambar', 'Siswa berpartisipasi aktif dalam kegiatan melukis.'),
('2023-01-01', 'S010', 'M009', 'Berlatih mengerjakan soal matematika dengan gambar, memahami konsep kiri dan kanan dengan suara, belajar bahasa Inggris dengan dialog dan gambar', 'Siswa menunjukkan perkembangan positif dalam belajar mengenal suara binatang.'),
('2023-01-01', 'S011', 'M005', 'Belajar membaca buku cerita, berlatih soal matematika, memahami konsep tambah dan kurang', 'Siswa mulai bisa memahami konsep segitiga dan lingkaran.'),
('2023-01-01', 'S012', 'M010', 'Belajar bahasa Inggris dengan lagu dan cerita, kegiatan olahraga, memahami konsep kiri dan kanan', 'Siswa aktif dalam kegiatan memasak.'),
('2023-01-01', 'S013', 'M001', 'Belajar bahasa Inggris, kegiatan rekreasi, memahami konsep kanan dan kiri', 'Siswa memahami konsep kiri dan kanan.'),
('2023-01-01', 'S014', 'M004', 'Membaca buku cerita, memahami konsep besar dan kecil, berlatih menulis huruf dan angka', 'Siswa mulai bisa memahami konsep lingkaran dan persegi.'),
('2023-01-01', 'S015', 'M001', 'Berlatih membaca alfabet dengan gambar, menyanyikan lagu, memahami konsep tambah dan kurang dengan suara', 'Siswa mulai bisa memahami konsep segi empat dan persegi panjang.'),
('2023-01-01', 'S016', 'M008', 'Membaca buku cerita dengan suara, memahami konsep depan dan belakang dengan gambar, berlatih menulis huruf dan angka dengan suara', 'Siswa menunjukkan kemampuan dalam berbicara sederhana dalam bahasa Inggris.'),
('2023-01-01', 'S017', 'M003', 'Membaca buku cerita dengan gambar, memahami konsep besar dan kecil dengan benda, berlatih menulis huruf dan angka', 'Siswa menunjukkan kemampuan dalam berbicara sederhana dalam bahasa Inggris.'),
('2023-01-01', 'S018', 'M001', 'Berlatih mengerjakan soal matematika dengan gambar, memahami konsep kiri dan kanan dengan suara, belajar bahasa Inggris dengan dialog dan gambar', 'Siswa memahami konsep atas dan bawah.'),
('2023-01-01', 'S019', 'M008', 'Belajar bahasa Inggris, kegiatan rekreasi, memahami konsep kanan dan kiri', 'Siswa memahami konsep atas dan bawah.'),
('2023-01-01', 'S020', 'M002', 'Siswa menunjukkan perkembangan positif dalam belajar mengenal angka.', 'Siswa menunjukkan perkembangan positif dalam belajar mengenal bahan.'),
('2023-01-01', 'S021', 'M006', 'Belajar bahasa Inggris dengan lagu dan cerita, kegiatan olahraga, memahami konsep kiri dan kanan', 'Siswa mulai bisa memahami konsep lingkaran dan persegi.'),
('2023-01-01', 'S022', 'M002', 'Belajar bahasa Inggris dengan dialog, kegiatan rekreasi, memahami konsep besar dan kecil dengan alat bantu', 'Siswa memahami konsep kiri dan kanan.'),
('2023-01-01', 'S023', 'M004', 'Belajar memahami warna, membaca buku cerita dengan suara, memahami konsep depan dan belakang dengan alat bantu', 'Siswa aktif dalam kegiatan bermain lego.'),
('2023-01-01', 'S024', 'M005', 'Berlatih membaca alfabet dengan gambar, menyanyikan lagu, memahami konsep tambah dan kurang dengan suara', 'Siswa menunjukkan perkembangan positif dalam belajar mengenal angka.'),
('2023-01-01', 'S025', 'M006', 'Membaca buku cerita dengan suara, memahami konsep depan dan belakang dengan gambar, berlatih menulis huruf dan angka dengan suara', 'Siswa menunjukkan kemampuan dalam berbicara sederhana dalam bahasa Inggris.'),
('2023-01-01', 'S026', 'M004', 'Membaca buku cerita dengan gambar, memahami konsep besar dan kecil dengan benda, berlatih menulis huruf dan angka', 'Siswa menunjukkan kemampuan dalam berbicara sederhana dalam bahasa Indonesia.'),
('2023-01-01', 'S027', 'M004', 'Membaca buku cerita, memahami konsep besar dan kecil, berlatih menulis huruf dan angka', 'Siswa mulai bisa membaca huruf huruf dasar dengan benar.'),
('2023-01-01', 'S028', 'M009', 'Belajar memahami warna, membaca buku cerita dengan suara, memahami konsep depan dan belakang dengan alat bantu', 'Siswa menunjukkan perkembangan positif dalam belajar mengenal bentuk.'),
('2023-01-01', 'S029', 'M005', 'Belajar memahami warna, membaca buku cerita dengan suara, memahami konsep depan dan belakang dengan alat bantu', 'Siswa memahami konsep kiri dan kanan.'),
('2023-01-01', 'S030', 'M009', 'Belajar bahasa Inggris, kegiatan rekreasi, memahami konsep kanan dan kiri', 'Siswa berpartisipasi aktif dalam kegiatan memasak.'),
('2023-01-01', 'S031', 'M010', 'Belajar bahasa Inggris dengan lagu dan cerita, kegiatan olahraga, memahami konsep kiri dan kanan', 'Siswa aktif dalam kegiatan membentuk pola.'),
('2023-01-01', 'S032', 'M002', 'Membaca buku cerita dengan gambar, memahami konsep besar dan kecil dengan benda, berlatih menulis huruf dan angka', 'Siswa memahami konsep besar dan kecil.'),
('2023-01-01', 'S033', 'M006', 'Membaca buku cerita, memahami konsep besar dan kecil, berlatih menulis huruf dan angka', 'Siswa menunjukkan kemampuan dalam berbicara sederhana dalam bahasa Indonesia.'),
('2023-01-01', 'S034', 'M001', 'Berlatih membaca alfabet dengan suara, menyanyikan lagu, memahami konsep tambah dan kurang dengan benda', 'Siswa memahami konsep besar dan kecil.'),
('2023-01-01', 'S035', 'M006', 'Belajar menulis nama, memahami konsep atas dan bawah, berlatih membaca buku cerita', 'Siswa berpartisipasi aktif dalam kegiatan memasak.'),
('2023-01-01', 'S036', 'M007', 'Belajar membaca buku cerita, berlatih soal matematika, memahami konsep tambah dan kurang', 'Siswa menyebutkan nama buah-buahan dengan baik.'),
('2023-01-01', 'S037', 'M008', 'Belajar menulis nama dengan suara, memahami konsep atas dan bawah dengan suara, berlatih membaca buku cerita dengan alat bantu', 'Siswa menunjukkan kemampuan dalam berbicara sederhana dalam bahasa Inggris.'),
('2023-01-01', 'S038', 'M001', 'Belajar menulis nama dengan suara, memahami konsep atas dan bawah dengan suara, berlatih membaca buku cerita dengan alat bantu', 'Siswa menunjukkan kemampuan dalam mengikuti instruksi.'),
('2023-01-01', 'S039', 'M005', 'Berlatih membaca alfabet, menyanyikan lagu, memahami konsep depan dan belakang', 'Siswa mulai bisa memahami konsep lingkaran dan persegi.'),
('2023-01-01', 'S040', 'M008', 'Membaca buku cerita dengan gambar, memahami konsep besar dan kecil dengan benda, berlatih menulis huruf dan angka', 'Siswa mulai bisa memahami konsep lingkaran dan persegi.'),
('2023-01-01', 'S041', 'M009', 'Belajar bahasa Inggris dengan lagu dan cerita, kegiatan olahraga, memahami konsep kiri dan kanan', 'Siswa berpartisipasi aktif dalam kegiatan memasak.'),
('2023-01-01', 'S042', 'M003', 'Berlatih mengerjakan soal matematika dengan gambar, memahami konsep kiri dan kanan dengan suara, belajar bahasa Inggris dengan dialog dan gambar', 'Siswa berpartisipasi aktif dalam kegiatan melukis.'),
('2023-01-01', 'S043', 'M001', 'Berlatih mengerjakan soal matematika, memahami konsep tambah dan kurang dengan angka', 'Siswa berpartisipasi aktif dalam kegiatan melukis.'),
('2023-01-01', 'S044', 'M005', 'Berlatih menulis nama dengan alat bantu, memahami konsep atas dan bawah dengan gambar, belajar membaca buku cerita dengan gambar', 'Siswa mulai bisa memahami konsep segitiga dan lingkaran.'),
('2023-01-01', 'S045', 'M001', 'Belajar bahasa Inggris dengan dialog, kegiatan rekreasi, memahami konsep besar dan kecil dengan alat bantu', 'Siswa memahami konsep tengah dan pinggir.'),
('2023-01-01', 'S046', 'M005', 'Belajar menulis huruf dan angka dengan alat bantu, memahami konsep kanan dan kiri dengan gambar, berlatih membaca buku cerita dengan suara', 'Siswa menunjukkan perkembangan positif dalam belajar mengenal bahan.'),
('2023-01-01', 'S047', 'M009', 'Berlatih membaca alfabet dengan gambar, menyanyikan lagu, memahami konsep tambah dan kurang dengan suara', 'Siswa aktif dalam kegiatan memasak.'),
('2023-01-01', 'S048', 'M002', 'Membaca buku cerita dengan suara, memahami konsep depan dan belakang dengan gambar, berlatih menulis huruf dan angka dengan suara', 'Siswa menunjukkan perkembangan positif dalam belajar mengenal hewan.'),
('2023-01-01', 'S049', 'M008', 'Belajar membaca buku cerita, berlatih soal matematika, memahami konsep tambah dan kurang', 'Siswa menunjukkan kemampuan dalam berbicara sederhana dalam bahasa Indonesia.'),
('2023-01-01', 'S050', 'M004', 'Belajar bahasa Inggris dengan dialog, kegiatan rekreasi, memahami konsep besar dan kecil dengan alat bantu', 'Siswa memahami konsep besar dan kecil.'),
('2023-01-01', 'S051', 'M004', 'Berlatih membaca alfabet dengan gambar, menyanyikan lagu, memahami konsep tambah dan kurang dengan suara', 'Siswa menyebutkan nama sayur-sayuran dengan baik.'),
('2023-01-01', 'S052', 'M009', 'Berlatih menulis nama dengan alat bantu, memahami konsep atas dan bawah dengan gambar, belajar membaca buku cerita dengan gambar', 'Siswa mulai bisa memahami konsep segi empat dan persegi panjang.'),
('2023-01-01', 'S053', 'M005', 'Berlatih mengerjakan soal matematika, memahami konsep tambah dan kurang dengan angka', 'Siswa memahami konsep kiri dan kanan.'),
('2023-01-01', 'S054', 'M009', 'Berlatih membaca alfabet dengan gambar, menyanyikan lagu, memahami konsep tambah dan kurang dengan suara', 'Siswa menyebutkan nama binatang dengan baik.'),
('2023-01-01', 'S055', 'M004', 'Membaca buku cerita dengan suara, memahami konsep depan dan belakang dengan gambar, berlatih menulis huruf dan angka dengan suara', 'Siswa mulai bisa memahami konsep segi empat dan persegi panjang.'),
('2023-01-01', 'S056', 'M006', 'Belajar menulis nama dengan suara, memahami konsep atas dan bawah dengan suara, berlatih membaca buku cerita dengan alat bantu', 'Siswa mulai bisa memahami konsep segi empat dan persegi panjang.'),
('2023-01-01', 'S057', 'M002', 'Belajar menulis nama, memahami konsep atas dan bawah, berlatih membaca buku cerita', 'Siswa mulai bisa memahami konsep segi empat dan persegi panjang.'),
('2023-01-01', 'S058', 'M005', 'Belajar menulis nama, memahami konsep atas dan bawah, berlatih membaca buku cerita', 'Siswa aktif dalam kegiatan bermain lego.'),
('2023-01-01', 'S059', 'M005', 'Membaca buku cerita, memahami konsep besar dan kecil, berlatih menulis huruf dan angka', 'Siswa aktif dalam kegiatan memasak.'),
('2023-01-01', 'S060', 'M004', 'Berlatih mengerjakan soal matematika, memahami konsep tambah dan kurang dengan angka', 'Siswa aktif dalam kegiatan membentuk pola.'),
('2023-01-01', 'S061', 'M004', 'Siswa menunjukkan perkembangan positif dalam belajar mengenal angka.', 'Siswa berpartisipasi aktif dalam kegiatan memasak.'),
('2023-01-01', 'S062', 'M006', 'Belajar bahasa Inggris dengan lagu dan cerita, kegiatan olahraga, memahami konsep kiri dan kanan', 'Siswa berpartisipasi aktif dalam kegiatan memasak.'),
('2023-01-01', 'S063', 'M001', 'Membaca buku cerita dengan suara, memahami konsep depan dan belakang dengan gambar, berlatih menulis huruf dan angka dengan suara', 'Siswa menunjukkan minat yang tinggi dalam belajar.'),
('2023-01-01', 'S064', 'M002', 'Berlatih mengerjakan soal matematika, memahami konsep tambah dan kurang dengan angka', 'Siswa menunjukkan perkembangan positif dalam belajar mengenal angka.'),
('2023-01-01', 'S065', 'M004', 'Berlatih membaca alfabet dengan gambar, menyanyikan lagu, memahami konsep tambah dan kurang dengan suara', 'Siswa berpartisipasi aktif dalam kegiatan berkebun.'),
('2023-01-01', 'S066', 'M001', 'Belajar menulis nama, memahami konsep atas dan bawah, berlatih membaca buku cerita', 'Siswa mulai bisa memahami konsep segitiga dan lingkaran.'),
('2023-01-01', 'S067', 'M009', 'Belajar bahasa Inggris dengan dialog, kegiatan rekreasi, memahami konsep besar dan kecil dengan alat bantu', 'Siswa menyebutkan warna dengan baik.'),
('2023-01-01', 'S068', 'M001', 'Berlatih mengerjakan soal matematika dengan gambar, memahami konsep kiri dan kanan dengan suara, belajar bahasa Inggris dengan dialog dan gambar', 'Siswa menyebutkan nama binatang dengan baik.'),
('2023-01-01', 'S069', 'M005', 'Berlatih membaca alfabet dengan suara, menyanyikan lagu, memahami konsep tambah dan kurang dengan benda', 'Siswa berpartisipasi aktif dalam kegiatan berkebun.'),
('2023-01-01', 'S070', 'M007', 'belajar menulis huruf dan angka', 'Siswa menyebutkan nama binatang dengan baik.'),
('2023-01-01', 'S071', 'M006', 'Belajar bahasa Inggris dengan lagu dan cerita, kegiatan olahraga, memahami konsep kiri dan kanan', 'Siswa menyebutkan nama binatang dengan baik.'),
('2023-01-01', 'S072', 'M001', 'Membaca buku cerita, memahami konsep besar dan kecil, berlatih menulis huruf dan angka', 'Siswa menunjukkan perkembangan positif dalam belajar mengenal suara binatang.'),
('2023-01-01', 'S073', 'M002', 'Belajar membaca buku cerita, berlatih soal matematika, memahami konsep tambah dan kurang', 'Siswa berpartisipasi aktif dalam kegiatan memasak.'),
('2023-01-01', 'S074', 'M004', 'Berlatih menulis nama dengan alat bantu, memahami konsep atas dan bawah dengan gambar, belajar membaca buku cerita dengan gambar', 'Siswa memahami konsep besar dan kecil.'),
('2023-01-01', 'S075', 'M001', 'Belajar menulis nama dengan suara, memahami konsep atas dan bawah dengan suara, berlatih membaca buku cerita dengan alat bantu', 'Siswa menunjukkan kemampuan dalam berbicara sederhana dalam bahasa Inggris.'),
('2023-01-01', 'S076', 'M006', 'belajar menulis huruf dan angka', 'Siswa menunjukkan perkembangan positif dalam belajar mengenal suara binatang.'),
('2023-01-01', 'S077', 'M002', 'Berlatih membaca alfabet, menyanyikan lagu, memahami konsep depan dan belakang', 'Siswa mulai bisa memahami konsep segi empat dan persegi panjang.'),
('2023-01-01', 'S078', 'M009', 'Berlatih menulis nama dengan alat bantu, memahami konsep atas dan bawah dengan gambar, belajar membaca buku cerita dengan gambar', 'Siswa menunjukkan kemampuan dalam berbicara sederhana dalam bahasa Indonesia.'),
('2023-01-01', 'S079', 'M006', 'Belajar memahami warna, membaca buku cerita dengan suara, memahami konsep depan dan belakang dengan alat bantu', 'Siswa mulai bisa memahami konsep segi empat dan persegi panjang.'),
('2023-01-01', 'S080', 'M006', 'Siswa menunjukkan perkembangan positif dalam belajar mengenal angka.', 'Siswa menunjukkan perkembangan positif dalam belajar mengenal bahan.'),
('2023-01-01', 'S081', 'M002', 'Belajar menulis nama dengan suara, memahami konsep atas dan bawah dengan suara, berlatih membaca buku cerita dengan alat bantu', 'Siswa aktif dalam kegiatan membentuk pola.'),
('2023-01-01', 'S082', 'M006', 'Membaca buku cerita dengan suara, memahami konsep depan dan belakang dengan gambar, berlatih menulis huruf dan angka dengan suara', 'Siswa menyebutkan nama buah-buahan dengan baik.'),
('2023-01-01', 'S083', 'M009', 'belajar menulis huruf dan angka', 'Siswa berpartisipasi aktif dalam kegiatan melukis.'),
('2023-01-01', 'S084', 'M003', 'belajar menulis huruf dan angka', 'Siswa memahami konsep atas dan bawah.'),
('2023-01-01', 'S085', 'M002', 'Berlatih menulis nama dengan alat bantu, memahami konsep atas dan bawah dengan gambar, belajar membaca buku cerita dengan gambar', 'Siswa mulai bisa memahami konsep segitiga dan lingkaran.'),
('2023-01-01', 'S086', 'M007', 'Siswa menunjukkan perkembangan positif dalam belajar mengenal angka.', 'Siswa memahami konsep tengah dan pinggir.'),
('2023-01-01', 'S087', 'M005', 'Belajar bahasa Inggris dengan lagu dan cerita, kegiatan olahraga, memahami konsep kiri dan kanan', 'Siswa berpartisipasi aktif dalam kegiatan melukis.'),
('2023-01-01', 'S088', 'M001', 'Berlatih menulis nama dengan alat bantu, memahami konsep atas dan bawah dengan gambar, belajar membaca buku cerita dengan gambar', 'Siswa aktif dalam kegiatan memasak.'),
('2023-01-01', 'S089', 'M008', 'Berlatih mengerjakan soal matematika dengan gambar, memahami konsep kiri dan kanan dengan suara, belajar bahasa Inggris dengan dialog dan gambar', 'Siswa berpartisipasi aktif dalam kegiatan berkebun.'),
('2023-01-01', 'S090', 'M002', 'Belajar memahami warna, membaca buku cerita dengan suara, memahami konsep depan dan belakang dengan alat bantu', 'Siswa aktif dalam kegiatan bermain lego.'),
('2023-01-01', 'S091', 'M007', 'Belajar memahami warna, membaca buku cerita dengan suara, memahami konsep depan dan belakang dengan alat bantu', 'Siswa menunjukkan perkembangan positif dalam belajar mengenal hewan.'),
('2023-01-01', 'S092', 'M009', 'Belajar menulis nama dengan suara, memahami konsep atas dan bawah dengan suara, berlatih membaca buku cerita dengan alat bantu', 'Siswa menyebutkan warna dengan baik.'),
('2023-01-01', 'S093', 'M005', 'Belajar bahasa Inggris, kegiatan rekreasi, memahami konsep kanan dan kiri', 'Siswa mulai bisa membaca huruf huruf dasar dengan benar.'),
('2023-01-01', 'S094', 'M009', 'Membaca buku cerita dengan suara, memahami konsep depan dan belakang dengan gambar, berlatih menulis huruf dan angka dengan suara', 'Siswa aktif dalam kegiatan menari dan berolahraga.'),
('2023-01-01', 'S095', 'M007', 'belajar menulis huruf dan angka', 'Siswa menunjukkan perkembangan positif dalam belajar mengenal bentuk.'),
('2023-01-01', 'S096', 'M006', 'Belajar menulis nama dengan suara, memahami konsep atas dan bawah dengan suara, berlatih membaca buku cerita dengan alat bantu', 'Siswa menunjukkan kemampuan dalam berbicara sederhana dalam bahasa Inggris.'),
('2023-01-01', 'S097', 'M007', 'Berlatih mengerjakan soal matematika, memahami konsep tambah dan kurang dengan angka', 'Siswa menunjukkan kemampuan dalam mengikuti instruksi.'),
('2023-01-01', 'S098', 'M008', 'Berlatih mengerjakan soal matematika dengan gambar, memahami konsep kiri dan kanan dengan suara, belajar bahasa Inggris dengan dialog dan gambar', 'Siswa mulai bisa memahami konsep segi empat dan persegi panjang.'),
('2023-01-01', 'S099', 'M003', 'Berlatih menulis nama dengan alat bantu, memahami konsep atas dan bawah dengan gambar, belajar membaca buku cerita dengan gambar', 'Siswa menunjukkan minat yang tinggi dalam belajar.'),
('2023-01-01', 'S100', 'M005', 'Belajar menulis huruf dan angka dengan alat bantu, memahami konsep kanan dan kiri dengan gambar, berlatih membaca buku cerita dengan suara', 'Siswa memahami konsep atas dan bawah.'),
('2023-01-02', 'S001', 'M002', 'Siswa menunjukkan perkembangan positif dalam belajar mengenal angka.', 'Siswa menunjukkan perkembangan positif dalam belajar mengenal hewan.'),
('2023-01-02', 'S002', 'M005', 'Siswa menunjukkan perkembangan positif dalam belajar mengenal angka.', 'Siswa mulai bisa memahami konsep segi empat dan persegi panjang.'),
('2023-01-02', 'S003', 'M006', 'Belajar menulis nama, memahami konsep atas dan bawah, berlatih membaca buku cerita', 'Siswa mulai bisa memahami konsep lingkaran dan persegi.'),
('2023-01-02', 'S004', 'M003', 'Berlatih membaca alfabet dengan gambar, menyanyikan lagu, memahami konsep tambah dan kurang dengan suara', 'Siswa berpartisipasi aktif dalam kegiatan berkebun.'),
('2023-01-02', 'S005', 'M008', 'Belajar membaca buku cerita, berlatih soal matematika, memahami konsep tambah dan kurang', 'Siswa menunjukkan perkembangan positif dalam belajar mengenal bahan.'),
('2023-01-02', 'S006', 'M009', 'Membaca buku cerita dengan suara, memahami konsep depan dan belakang dengan gambar, berlatih menulis huruf dan angka dengan suara', 'Siswa memahami konsep tengah dan pinggir.'),
('2023-01-02', 'S007', 'M006', 'Belajar bahasa Inggris, kegiatan rekreasi, memahami konsep kanan dan kiri', 'Siswa menunjukkan perkembangan positif dalam belajar mengenal suara binatang.'),
('2023-01-02', 'S008', 'M004', 'Berlatih mengerjakan soal matematika, memahami konsep tambah dan kurang dengan angka', 'Siswa menunjukkan minat yang tinggi dalam belajar.'),
('2023-01-02', 'S009', 'M010', 'Belajar membaca buku cerita, berlatih soal matematika, memahami konsep tambah dan kurang', 'Siswa menunjukkan kemampuan dalam berbicara sederhana dalam bahasa Inggris.'),
('2023-01-02', 'S010', 'M004', 'Belajar bahasa Inggris dengan lagu dan cerita, kegiatan olahraga, memahami konsep kiri dan kanan', 'Siswa menunjukkan perkembangan positif dalam belajar mengenal suara binatang.'),
('2023-01-02', 'S011', 'M004', 'Belajar bahasa Inggris dengan dialog, kegiatan rekreasi, memahami konsep besar dan kecil dengan alat bantu', 'Siswa menunjukkan kemampuan dalam berbicara sederhana dalam bahasa Inggris.'),
('2023-01-02', 'S012', 'M005', 'Berlatih mengerjakan soal matematika, memahami konsep tambah dan kurang dengan angka', 'Siswa menyebutkan nama binatang dengan baik.'),
('2023-01-02', 'S013', 'M008', 'Membaca buku cerita, memahami konsep besar dan kecil, berlatih menulis huruf dan angka', 'Siswa mulai bisa memahami konsep lingkaran dan persegi.'),
('2023-01-02', 'S014', 'M001', 'Belajar membaca buku cerita, berlatih soal matematika, memahami konsep tambah dan kurang', 'Siswa menunjukkan perkembangan positif dalam belajar mengenal bentuk.'),
('2023-01-02', 'S015', 'M005', 'Berlatih membaca alfabet dengan gambar, menyanyikan lagu, memahami konsep tambah dan kurang dengan suara', 'Siswa menyebutkan warna dengan baik.'),
('2023-01-02', 'S016', 'M003', 'Berlatih mengerjakan soal matematika dengan gambar, memahami konsep kiri dan kanan dengan suara, belajar bahasa Inggris dengan dialog dan gambar', 'Siswa menyebutkan nama binatang dengan baik.'),
('2023-01-02', 'S017', 'M009', 'Berlatih membaca alfabet dengan suara, menyanyikan lagu, memahami konsep tambah dan kurang dengan benda', 'Siswa menunjukkan perkembangan positif dalam belajar mengenal hewan.'),
('2023-01-02', 'S018', 'M007', 'Belajar memahami warna, membaca buku cerita dengan suara, memahami konsep depan dan belakang dengan alat bantu', 'Siswa menyebutkan warna dengan baik.'),
('2023-01-02', 'S019', 'M007', 'Belajar bahasa Inggris dengan lagu dan cerita, kegiatan olahraga, memahami konsep kiri dan kanan', 'Siswa memahami konsep atas dan bawah.'),
('2023-01-02', 'S020', 'M008', 'Belajar menulis nama, memahami konsep atas dan bawah, berlatih membaca buku cerita', 'Siswa mulai bisa memahami konsep segitiga dan lingkaran.'),
('2023-01-02', 'S021', 'M010', 'Berlatih mengerjakan soal matematika, memahami konsep tambah dan kurang dengan angka', 'Siswa menyebutkan nama buah-buahan dengan baik.'),
('2023-01-02', 'S022', 'M007', 'belajar menulis huruf dan angka', 'Siswa berpartisipasi aktif dalam kegiatan melukis.'),
('2023-01-02', 'S023', 'M002', 'Belajar menulis nama, memahami konsep atas dan bawah, berlatih membaca buku cerita', 'Siswa menyebutkan nama binatang dengan baik.'),
('2023-01-02', 'S024', 'M007', 'Siswa menunjukkan perkembangan positif dalam belajar mengenal angka.', 'Siswa menunjukkan kemampuan dalam berbicara sederhana dalam bahasa Inggris.'),
('2023-01-02', 'S025', 'M005', 'Belajar bahasa Inggris, kegiatan rekreasi, memahami konsep kanan dan kiri', 'Siswa menyebutkan nama binatang dengan baik.'),
('2023-01-02', 'S026', 'M007', 'Belajar bahasa Inggris, kegiatan rekreasi, memahami konsep kanan dan kiri', 'Siswa mulai bisa memahami konsep segi empat dan persegi panjang.'),
('2023-01-02', 'S027', 'M002', 'Belajar membaca buku cerita, berlatih soal matematika, memahami konsep tambah dan kurang', 'Siswa memahami konsep depan dan belakang.'),
('2023-01-02', 'S028', 'M005', 'Belajar membaca buku cerita, berlatih soal matematika, memahami konsep tambah dan kurang', 'Siswa memahami konsep kiri dan kanan.'),
('2023-01-02', 'S029', 'M004', 'Belajar bahasa Inggris dengan dialog, kegiatan rekreasi, memahami konsep besar dan kecil dengan alat bantu', 'Siswa menunjukkan perkembangan positif dalam belajar mengenal bahan.'),
('2023-01-02', 'S030', 'M005', 'Belajar bahasa Inggris dengan lagu dan cerita, kegiatan olahraga, memahami konsep kiri dan kanan', 'Siswa mulai bisa membaca huruf huruf dasar dengan benar.'),
('2023-01-02', 'S031', 'M001', 'Siswa menunjukkan perkembangan positif dalam belajar mengenal angka.', 'Siswa menunjukkan perkembangan positif dalam belajar mengenal bentuk.'),
('2023-01-02', 'S032', 'M005', 'Berlatih mengerjakan soal matematika, memahami konsep tambah dan kurang dengan angka', 'Siswa menyebutkan nama buah-buahan dengan baik.'),
('2023-01-02', 'S033', 'M001', 'Membaca buku cerita, memahami konsep besar dan kecil, berlatih menulis huruf dan angka', 'Siswa menunjukkan kemampuan dalam berbicara sederhana dalam bahasa Inggris.'),
('2023-01-02', 'S034', 'M003', 'Belajar menulis nama dengan suara, memahami konsep atas dan bawah dengan suara, berlatih membaca buku cerita dengan alat bantu', 'Siswa menunjukkan kemampuan dalam berbicara sederhana dalam bahasa Indonesia.'),
('2023-01-02', 'S035', 'M007', 'Membaca buku cerita, memahami konsep besar dan kecil, berlatih menulis huruf dan angka', 'Siswa menunjukkan kemampuan dalam berbicara sederhana dalam bahasa Inggris.'),
('2023-01-02', 'S036', 'M008', 'Berlatih mengerjakan soal matematika dengan gambar, memahami konsep kiri dan kanan dengan suara, belajar bahasa Inggris dengan dialog dan gambar', 'Siswa memahami konsep depan dan belakang.'),
('2023-01-02', 'S037', 'M009', 'Berlatih mengerjakan soal matematika dengan gambar, memahami konsep kiri dan kanan dengan suara, belajar bahasa Inggris dengan dialog dan gambar', 'Siswa menunjukkan kemampuan dalam mengikuti instruksi.'),
('2023-01-02', 'S038', 'M005', 'Berlatih mengerjakan soal matematika dengan gambar, memahami konsep kiri dan kanan dengan suara, belajar bahasa Inggris dengan dialog dan gambar', 'Siswa memahami konsep depan dan belakang.'),
('2023-01-02', 'S039', 'M006', 'Berlatih menulis nama dengan alat bantu, memahami konsep atas dan bawah dengan gambar, belajar membaca buku cerita dengan gambar', 'Siswa berpartisipasi aktif dalam kegiatan berkebun.'),
('2023-01-02', 'S040', 'M009', 'Belajar memahami warna, membaca buku cerita dengan suara, memahami konsep depan dan belakang dengan alat bantu', 'Siswa mulai bisa memahami konsep lingkaran dan persegi.'),
('2023-01-02', 'S041', 'M002', 'Belajar bahasa Inggris, kegiatan rekreasi, memahami konsep kanan dan kiri', 'Siswa berpartisipasi aktif dalam kegiatan berkebun.'),
('2023-01-02', 'S042', 'M001', 'Berlatih membaca alfabet, menyanyikan lagu, memahami konsep depan dan belakang', 'Siswa menunjukkan kemampuan dalam berbicara sederhana dalam bahasa Inggris.'),
('2023-01-02', 'S043', 'M008', 'Berlatih mengerjakan soal matematika dengan gambar, memahami konsep kiri dan kanan dengan suara, belajar bahasa Inggris dengan dialog dan gambar', 'Siswa mulai bisa memahami konsep segi empat dan persegi panjang.'),
('2023-01-02', 'S044', 'M008', 'Berlatih menulis nama dengan alat bantu, memahami konsep atas dan bawah dengan gambar, belajar membaca buku cerita dengan gambar', 'Siswa menunjukkan perkembangan positif dalam belajar mengenal bahan.'),
('2023-01-02', 'S045', 'M007', 'belajar menulis huruf dan angka', 'Siswa berpartisipasi aktif dalam kegiatan melukis.'),
('2023-01-02', 'S046', 'M001', 'Belajar bahasa Inggris, kegiatan rekreasi, memahami konsep kanan dan kiri', 'Siswa menunjukkan perkembangan positif dalam belajar mengenal bentuk.'),
('2023-01-02', 'S047', 'M004', 'Belajar menulis nama dengan suara, memahami konsep atas dan bawah dengan suara, berlatih membaca buku cerita dengan alat bantu', 'Siswa menyebutkan nama buah-buahan dengan baik.'),
('2023-01-02', 'S048', 'M003', 'Berlatih menulis nama dengan alat bantu, memahami konsep atas dan bawah dengan gambar, belajar membaca buku cerita dengan gambar', 'Siswa berpartisipasi aktif dalam kegiatan berkebun.'),
('2023-01-02', 'S049', 'M008', 'Berlatih membaca alfabet dengan suara, menyanyikan lagu, memahami konsep tambah dan kurang dengan benda', 'Siswa menunjukkan kemampuan dalam berbicara sederhana dalam bahasa Inggris.'),
('2023-01-02', 'S050', 'M003', 'Belajar bahasa Inggris dengan lagu dan cerita, kegiatan olahraga, memahami konsep kiri dan kanan', 'Siswa menunjukkan kemampuan dalam berbicara sederhana dalam bahasa Indonesia.'),
('2023-01-02', 'S051', 'M010', 'Belajar bahasa Inggris, kegiatan rekreasi, memahami konsep kanan dan kiri', 'Siswa mulai bisa memahami konsep segitiga dan lingkaran.'),
('2023-01-02', 'S052', 'M003', 'Membaca buku cerita dengan suara, memahami konsep depan dan belakang dengan gambar, berlatih menulis huruf dan angka dengan suara', 'Siswa memahami konsep tengah dan pinggir.'),
('2023-01-02', 'S053', 'M005', 'Berlatih membaca alfabet dengan suara, menyanyikan lagu, memahami konsep tambah dan kurang dengan benda', 'Siswa menunjukkan perkembangan positif dalam belajar mengenal angka.'),
('2023-01-02', 'S054', 'M003', 'Berlatih menulis nama dengan alat bantu, memahami konsep atas dan bawah dengan gambar, belajar membaca buku cerita dengan gambar', 'Siswa aktif dalam kegiatan bermain lego.'),
('2023-01-02', 'S055', 'M009', 'Berlatih mengerjakan soal matematika, memahami konsep tambah dan kurang dengan angka', 'Siswa menunjukkan kemampuan dalam berbicara sederhana dalam bahasa Inggris.'),
('2023-01-02', 'S056', 'M003', 'Berlatih mengerjakan soal matematika, memahami konsep tambah dan kurang dengan angka', 'Siswa memahami konsep atas dan bawah.'),
('2023-01-02', 'S057', 'M006', 'Belajar bahasa Inggris dengan lagu dan cerita, kegiatan olahraga, memahami konsep kiri dan kanan', 'Siswa aktif dalam kegiatan bermain lego.'),
('2023-01-02', 'S058', 'M009', 'Belajar bahasa Inggris dengan lagu dan cerita, kegiatan olahraga, memahami konsep kiri dan kanan', 'Siswa berpartisipasi aktif dalam kegiatan memasak.'),
('2023-01-02', 'S059', 'M005', 'Belajar bahasa Inggris dengan lagu dan cerita, kegiatan olahraga, memahami konsep kiri dan kanan', 'Siswa menyebutkan nama buah-buahan dengan baik.'),
('2023-01-02', 'S060', 'M003', 'Siswa menunjukkan perkembangan positif dalam belajar mengenal angka.', 'Siswa memahami konsep depan dan belakang.'),
('2023-01-02', 'S061', 'M005', 'Belajar memahami warna, membaca buku cerita dengan suara, memahami konsep depan dan belakang dengan alat bantu', 'Siswa menunjukkan minat yang tinggi dalam belajar.'),
('2023-01-02', 'S062', 'M002', 'Belajar bahasa Inggris dengan dialog, kegiatan rekreasi, memahami konsep besar dan kecil dengan alat bantu', 'Siswa mulai bisa memahami konsep segi empat dan persegi panjang.'),
('2023-01-02', 'S063', 'M010', 'Membaca buku cerita, memahami konsep besar dan kecil, berlatih menulis huruf dan angka', 'Siswa berpartisipasi aktif dalam kegiatan memasak.'),
('2023-01-02', 'S064', 'M001', 'Berlatih menulis nama dengan alat bantu, memahami konsep atas dan bawah dengan gambar, belajar membaca buku cerita dengan gambar', 'Siswa memahami konsep atas dan bawah.'),
('2023-01-02', 'S065', 'M006', 'Belajar menulis nama dengan suara, memahami konsep atas dan bawah dengan suara, berlatih membaca buku cerita dengan alat bantu', 'Siswa berpartisipasi aktif dalam kegiatan memasak.'),
('2023-01-02', 'S066', 'M002', 'Belajar bahasa Inggris, kegiatan rekreasi, memahami konsep kanan dan kiri', 'Siswa memahami konsep besar dan kecil.'),
('2023-01-02', 'S067', 'M008', 'Belajar menulis nama, memahami konsep atas dan bawah, berlatih membaca buku cerita', 'Siswa menunjukkan perkembangan positif dalam belajar mengenal bentuk.'),
('2023-01-02', 'S068', 'M006', 'Berlatih mengerjakan soal matematika dengan gambar, memahami konsep kiri dan kanan dengan suara, belajar bahasa Inggris dengan dialog dan gambar', 'Siswa berpartisipasi aktif dalam kegiatan memasak.'),
('2023-01-02', 'S069', 'M006', 'Belajar bahasa Inggris, kegiatan rekreasi, memahami konsep kanan dan kiri', 'Siswa menunjukkan perkembangan positif dalam belajar mengenal hewan.'),
('2023-01-02', 'S070', 'M001', 'Berlatih membaca alfabet, menyanyikan lagu, memahami konsep depan dan belakang', 'Siswa menyebutkan nama sayur-sayuran dengan baik.'),
('2023-01-02', 'S071', 'M006', 'Belajar bahasa Inggris dengan dialog, kegiatan rekreasi, memahami konsep besar dan kecil dengan alat bantu', 'Siswa aktif dalam kegiatan menari dan berolahraga.'),
('2023-01-02', 'S072', 'M002', 'Membaca buku cerita dengan gambar, memahami konsep besar dan kecil dengan benda, berlatih menulis huruf dan angka', 'Siswa menunjukkan perkembangan positif dalam belajar mengenal bentuk.'),
('2023-01-02', 'S073', 'M010', 'Belajar bahasa Inggris dengan dialog, kegiatan rekreasi, memahami konsep besar dan kecil dengan alat bantu', 'Siswa menyebutkan nama buah-buahan dengan baik.'),
('2023-01-02', 'S074', 'M003', 'Berlatih mengerjakan soal matematika, memahami konsep tambah dan kurang dengan angka', 'Siswa aktif dalam kegiatan membentuk pola.'),
('2023-01-02', 'S075', 'M004', 'Berlatih membaca alfabet dengan suara, menyanyikan lagu, memahami konsep tambah dan kurang dengan benda', 'Siswa menunjukkan kemampuan dalam berbicara sederhana dalam bahasa Indonesia.'),
('2023-01-02', 'S076', 'M002', 'Membaca buku cerita dengan gambar, memahami konsep besar dan kecil dengan benda, berlatih menulis huruf dan angka', 'Siswa berpartisipasi aktif dalam kegiatan berkebun.'),
('2023-01-02', 'S077', 'M008', 'Belajar membaca buku cerita, berlatih soal matematika, memahami konsep tambah dan kurang', 'Siswa mulai bisa memahami konsep segi empat dan persegi panjang.'),
('2023-01-02', 'S078', 'M005', 'belajar menulis huruf dan angka', 'Siswa menunjukkan kemampuan dalam berbicara sederhana dalam bahasa Inggris.'),
('2023-01-02', 'S079', 'M006', 'Berlatih mengerjakan soal matematika dengan gambar, memahami konsep kiri dan kanan dengan suara, belajar bahasa Inggris dengan dialog dan gambar', 'Siswa menunjukkan perkembangan positif dalam belajar mengenal suara binatang.'),
('2023-01-02', 'S080', 'M009', 'Belajar bahasa Inggris, kegiatan rekreasi, memahami konsep kanan dan kiri', 'Siswa menunjukkan perkembangan positif dalam belajar mengenal suara binatang.'),
('2023-01-02', 'S081', 'M008', 'belajar menulis huruf dan angka', 'Siswa berpartisipasi aktif dalam kegiatan memasak.'),
('2023-01-02', 'S082', 'M001', 'Belajar menulis huruf dan angka dengan alat bantu, memahami konsep kanan dan kiri dengan gambar, berlatih membaca buku cerita dengan suara', 'Siswa memahami konsep tengah dan pinggir.'),
('2023-01-02', 'S083', 'M002', 'Berlatih menulis nama dengan alat bantu, memahami konsep atas dan bawah dengan gambar, belajar membaca buku cerita dengan gambar', 'Siswa aktif dalam kegiatan menari dan berolahraga.'),
('2023-01-02', 'S084', 'M006', 'Membaca buku cerita dengan gambar, memahami konsep besar dan kecil dengan benda, berlatih menulis huruf dan angka', 'Siswa menunjukkan perkembangan positif dalam belajar mengenal bentuk.'),
('2023-01-02', 'S085', 'M005', 'Berlatih membaca alfabet dengan gambar, menyanyikan lagu, memahami konsep tambah dan kurang dengan suara', 'Siswa memahami konsep tengah dan pinggir.'),
('2023-01-02', 'S086', 'M010', 'Belajar bahasa Inggris dengan dialog, kegiatan rekreasi, memahami konsep besar dan kecil dengan alat bantu', 'Siswa menunjukkan kemampuan dalam berbicara sederhana dalam bahasa Inggris.'),
('2023-01-02', 'S087', 'M001', 'Belajar bahasa Inggris dengan dialog, kegiatan rekreasi, memahami konsep besar dan kecil dengan alat bantu', 'Siswa berpartisipasi aktif dalam kegiatan melukis.'),
('2023-01-02', 'S088', 'M008', 'Membaca buku cerita dengan suara, memahami konsep depan dan belakang dengan gambar, berlatih menulis huruf dan angka dengan suara', 'Siswa mulai bisa membaca huruf huruf dasar dengan benar.'),
('2023-01-02', 'S089', 'M008', 'Belajar menulis huruf dan angka dengan alat bantu, memahami konsep kanan dan kiri dengan gambar, berlatih membaca buku cerita dengan suara', 'Siswa memahami konsep atas dan bawah.'),
('2023-01-02', 'S090', 'M010', 'Berlatih membaca alfabet, menyanyikan lagu, memahami konsep depan dan belakang', 'Siswa memahami konsep depan dan belakang.'),
('2023-01-02', 'S091', 'M002', 'Belajar menulis huruf dan angka dengan alat bantu, memahami konsep kanan dan kiri dengan gambar, berlatih membaca buku cerita dengan suara', 'Siswa menyebutkan warna dengan baik.'),
('2023-01-02', 'S092', 'M001', 'Berlatih membaca alfabet, menyanyikan lagu, memahami konsep depan dan belakang', 'Siswa berpartisipasi aktif dalam kegiatan melukis.'),
('2023-01-02', 'S093', 'M010', 'Belajar menulis huruf dan angka dengan alat bantu, memahami konsep kanan dan kiri dengan gambar, berlatih membaca buku cerita dengan suara', 'Siswa aktif dalam kegiatan memasak.'),
('2023-01-02', 'S094', 'M009', 'Siswa menunjukkan perkembangan positif dalam belajar mengenal angka.', 'Siswa menyebutkan warna dengan baik.'),
('2023-01-02', 'S095', 'M009', 'Belajar bahasa Inggris dengan dialog, kegiatan rekreasi, memahami konsep besar dan kecil dengan alat bantu', 'Siswa menunjukkan perkembangan positif dalam belajar mengenal hewan.'),
('2023-01-02', 'S096', 'M005', 'Belajar memahami warna, membaca buku cerita dengan suara, memahami konsep depan dan belakang dengan alat bantu', 'Siswa menunjukkan perkembangan positif dalam belajar mengenal hewan.'),
('2023-01-02', 'S097', 'M009', 'Belajar menulis huruf dan angka dengan alat bantu, memahami konsep kanan dan kiri dengan gambar, berlatih membaca buku cerita dengan suara', 'Siswa menunjukkan perkembangan positif dalam belajar mengenal suara binatang.'),
('2023-01-02', 'S098', 'M010', 'Belajar bahasa Inggris, kegiatan rekreasi, memahami konsep kanan dan kiri', 'Siswa memahami konsep atas dan bawah.'),
('2023-01-02', 'S099', 'M004', 'Berlatih membaca alfabet, menyanyikan lagu, memahami konsep depan dan belakang', 'Siswa memahami konsep besar dan kecil.'),
('2023-01-02', 'S100', 'M007', 'Belajar memahami warna, membaca buku cerita dengan suara, memahami konsep depan dan belakang dengan alat bantu', 'Siswa mulai bisa memahami konsep segitiga dan lingkaran.'),
('2023-01-03', 'S001', 'M004', 'Belajar menulis nama, memahami konsep atas dan bawah, berlatih membaca buku cerita', 'Siswa menyebutkan warna dengan baik.'),
('2023-01-03', 'S002', 'M009', 'Membaca buku cerita dengan suara, memahami konsep depan dan belakang dengan gambar, berlatih menulis huruf dan angka dengan suara', 'Siswa aktif dalam kegiatan menari dan berolahraga.'),
('2023-01-03', 'S003', 'M008', 'Berlatih membaca alfabet dengan gambar, menyanyikan lagu, memahami konsep tambah dan kurang dengan suara', 'Siswa aktif dalam kegiatan menari dan berolahraga.'),
('2023-01-03', 'S004', 'M003', 'Berlatih membaca alfabet dengan gambar, menyanyikan lagu, memahami konsep tambah dan kurang dengan suara', 'Siswa aktif dalam kegiatan bermain lego.'),
('2023-01-03', 'S005', 'M004', 'Belajar membaca buku cerita, berlatih soal matematika, memahami konsep tambah dan kurang', 'Siswa mulai bisa memahami konsep segi empat dan persegi panjang.'),
('2023-01-03', 'S006', 'M002', 'Siswa menunjukkan perkembangan positif dalam belajar mengenal angka.', 'Siswa menunjukkan perkembangan positif dalam belajar mengenal bahan.'),
('2023-01-03', 'S007', 'M005', 'Berlatih mengerjakan soal matematika, memahami konsep tambah dan kurang dengan angka', 'Siswa memahami konsep atas dan bawah.'),
('2023-01-03', 'S008', 'M001', 'Membaca buku cerita dengan gambar, memahami konsep besar dan kecil dengan benda, berlatih menulis huruf dan angka', 'Siswa menunjukkan perkembangan positif dalam belajar mengenal angka.'),
('2023-01-03', 'S009', 'M009', 'Siswa menunjukkan perkembangan positif dalam belajar mengenal angka.', 'Siswa menunjukkan perkembangan positif dalam belajar mengenal suara binatang.'),
('2023-01-03', 'S010', 'M001', 'Berlatih mengerjakan soal matematika dengan gambar, memahami konsep kiri dan kanan dengan suara, belajar bahasa Inggris dengan dialog dan gambar', 'Siswa mulai bisa memahami konsep segi empat dan persegi panjang.'),
('2023-01-03', 'S011', 'M005', 'Belajar bahasa Inggris dengan lagu dan cerita, kegiatan olahraga, memahami konsep kiri dan kanan', 'Siswa mulai bisa memahami konsep segi empat dan persegi panjang.'),
('2023-01-03', 'S012', 'M004', 'Belajar bahasa Inggris dengan dialog, kegiatan rekreasi, memahami konsep besar dan kecil dengan alat bantu', 'Siswa aktif dalam kegiatan bermain lego.'),
('2023-01-03', 'S013', 'M004', 'Membaca buku cerita dengan suara, memahami konsep depan dan belakang dengan gambar, berlatih menulis huruf dan angka dengan suara', 'Siswa menunjukkan perkembangan positif dalam belajar mengenal suara binatang.'),
('2023-01-03', 'S014', 'M003', 'Belajar menulis huruf dan angka dengan alat bantu, memahami konsep kanan dan kiri dengan gambar, berlatih membaca buku cerita dengan suara', 'Siswa berpartisipasi aktif dalam kegiatan melukis.'),
('2023-01-03', 'S015', 'M007', 'Belajar bahasa Inggris dengan dialog, kegiatan rekreasi, memahami konsep besar dan kecil dengan alat bantu', 'Siswa memahami konsep tengah dan pinggir.'),
('2023-01-03', 'S016', 'M006', 'Belajar bahasa Inggris dengan dialog, kegiatan rekreasi, memahami konsep besar dan kecil dengan alat bantu', 'Siswa memahami konsep kiri dan kanan.'),
('2023-01-03', 'S017', 'M002', 'Berlatih mengerjakan soal matematika, memahami konsep tambah dan kurang dengan angka', 'Siswa menunjukkan perkembangan positif dalam belajar mengenal angka.'),
('2023-01-03', 'S018', 'M005', 'Membaca buku cerita, memahami konsep besar dan kecil, berlatih menulis huruf dan angka', 'Siswa menunjukkan kemampuan dalam berbicara sederhana dalam bahasa Indonesia.'),
('2023-01-03', 'S019', 'M005', 'Membaca buku cerita dengan gambar, memahami konsep besar dan kecil dengan benda, berlatih menulis huruf dan angka', 'Siswa mulai bisa membaca huruf huruf dasar dengan benar.'),
('2023-01-03', 'S020', 'M001', 'Membaca buku cerita dengan gambar, memahami konsep besar dan kecil dengan benda, berlatih menulis huruf dan angka', 'Siswa mulai bisa membaca huruf huruf dasar dengan benar.'),
('2023-01-03', 'S021', 'M007', 'belajar menulis huruf dan angka', 'Siswa menunjukkan kemampuan dalam berbicara sederhana dalam bahasa Indonesia.'),
('2023-01-03', 'S022', 'M010', 'Belajar bahasa Inggris dengan dialog, kegiatan rekreasi, memahami konsep besar dan kecil dengan alat bantu', 'Siswa menunjukkan perkembangan positif dalam belajar mengenal bahan.'),
('2023-01-03', 'S023', 'M009', 'Berlatih menulis nama dengan alat bantu, memahami konsep atas dan bawah dengan gambar, belajar membaca buku cerita dengan gambar', 'Siswa mulai bisa membaca huruf huruf dasar dengan benar.'),
('2023-01-03', 'S024', 'M005', 'Belajar membaca buku cerita, berlatih soal matematika, memahami konsep tambah dan kurang', 'Siswa menunjukkan kemampuan dalam berbicara sederhana dalam bahasa Indonesia.'),
('2023-01-03', 'S025', 'M004', 'Berlatih membaca alfabet dengan suara, menyanyikan lagu, memahami konsep tambah dan kurang dengan benda', 'Siswa aktif dalam kegiatan menari dan berolahraga.'),
('2023-01-03', 'S026', 'M003', 'Belajar bahasa Inggris dengan lagu dan cerita, kegiatan olahraga, memahami konsep kiri dan kanan', 'Siswa menunjukkan perkembangan positif dalam belajar mengenal bentuk.'),
('2023-01-03', 'S027', 'M002', 'Berlatih membaca alfabet dengan suara, menyanyikan lagu, memahami konsep tambah dan kurang dengan benda', 'Siswa menunjukkan kemampuan dalam berbicara sederhana dalam bahasa Inggris.'),
('2023-01-03', 'S028', 'M005', 'Membaca buku cerita, memahami konsep besar dan kecil, berlatih menulis huruf dan angka', 'Siswa aktif dalam kegiatan menari dan berolahraga.'),
('2023-01-03', 'S029', 'M006', 'Membaca buku cerita, memahami konsep besar dan kecil, berlatih menulis huruf dan angka', 'Siswa memahami konsep atas dan bawah.'),
('2023-01-03', 'S030', 'M006', 'Belajar bahasa Inggris dengan lagu dan cerita, kegiatan olahraga, memahami konsep kiri dan kanan', 'Siswa menyebutkan nama buah-buahan dengan baik.'),
('2023-01-03', 'S031', 'M008', 'Membaca buku cerita dengan gambar, memahami konsep besar dan kecil dengan benda, berlatih menulis huruf dan angka', 'Siswa menyebutkan warna dengan baik.'),
('2023-01-03', 'S032', 'M007', 'Membaca buku cerita dengan suara, memahami konsep depan dan belakang dengan gambar, berlatih menulis huruf dan angka dengan suara', 'Siswa menunjukkan perkembangan positif dalam belajar mengenal angka.'),
('2023-01-03', 'S033', 'M001', 'Berlatih mengerjakan soal matematika dengan gambar, memahami konsep kiri dan kanan dengan suara, belajar bahasa Inggris dengan dialog dan gambar', 'Siswa berpartisipasi aktif dalam kegiatan memasak.'),
('2023-01-03', 'S034', 'M010', 'Belajar bahasa Inggris dengan dialog, kegiatan rekreasi, memahami konsep besar dan kecil dengan alat bantu', 'Siswa menyebutkan warna dengan baik.'),
('2023-01-03', 'S035', 'M007', 'Belajar menulis huruf dan angka dengan alat bantu, memahami konsep kanan dan kiri dengan gambar, berlatih membaca buku cerita dengan suara', 'Siswa berpartisipasi aktif dalam kegiatan berkebun.'),
('2023-01-03', 'S036', 'M001', 'Berlatih mengerjakan soal matematika dengan gambar, memahami konsep kiri dan kanan dengan suara, belajar bahasa Inggris dengan dialog dan gambar', 'Siswa mulai bisa membaca huruf huruf dasar dengan benar.'),
('2023-01-03', 'S037', 'M001', 'Berlatih mengerjakan soal matematika, memahami konsep tambah dan kurang dengan angka', 'Siswa menyebutkan nama buah-buahan dengan baik.'),
('2023-01-03', 'S038', 'M008', 'Belajar membaca buku cerita, berlatih soal matematika, memahami konsep tambah dan kurang', 'Siswa aktif dalam kegiatan bermain lego.'),
('2023-01-03', 'S039', 'M006', 'Berlatih menulis nama dengan alat bantu, memahami konsep atas dan bawah dengan gambar, belajar membaca buku cerita dengan gambar', 'Siswa menyebutkan nama sayur-sayuran dengan baik.'),
('2023-01-03', 'S040', 'M005', 'Berlatih menulis nama dengan alat bantu, memahami konsep atas dan bawah dengan gambar, belajar membaca buku cerita dengan gambar', 'Siswa menyebutkan nama binatang dengan baik.'),
('2023-01-03', 'S041', 'M003', 'Belajar menulis nama dengan suara, memahami konsep atas dan bawah dengan suara, berlatih membaca buku cerita dengan alat bantu', 'Siswa mulai bisa memahami konsep segi empat dan persegi panjang.'),
('2023-01-03', 'S042', 'M008', 'belajar menulis huruf dan angka', 'Siswa berpartisipasi aktif dalam kegiatan memasak.'),
('2023-01-03', 'S043', 'M001', 'Berlatih menulis nama dengan alat bantu, memahami konsep atas dan bawah dengan gambar, belajar membaca buku cerita dengan gambar', 'Siswa memahami konsep tengah dan pinggir.'),
('2023-01-03', 'S044', 'M009', 'Belajar membaca buku cerita, berlatih soal matematika, memahami konsep tambah dan kurang', 'Siswa berpartisipasi aktif dalam kegiatan memasak.'),
('2023-01-03', 'S045', 'M001', 'Berlatih mengerjakan soal matematika, memahami konsep tambah dan kurang dengan angka', 'Siswa mulai bisa memahami konsep lingkaran dan persegi.'),
('2023-01-03', 'S046', 'M006', 'Membaca buku cerita dengan suara, memahami konsep depan dan belakang dengan gambar, berlatih menulis huruf dan angka dengan suara', 'Siswa berpartisipasi aktif dalam kegiatan memasak.'),
('2023-01-03', 'S047', 'M003', 'Berlatih mengerjakan soal matematika, memahami konsep tambah dan kurang dengan angka', 'Siswa menunjukkan perkembangan positif dalam belajar mengenal suara binatang.'),
('2023-01-03', 'S048', 'M003', 'Berlatih mengerjakan soal matematika dengan gambar, memahami konsep kiri dan kanan dengan suara, belajar bahasa Inggris dengan dialog dan gambar', 'Siswa mulai bisa memahami konsep lingkaran dan persegi.'),
('2023-01-03', 'S049', 'M010', 'Berlatih mengerjakan soal matematika dengan gambar, memahami konsep kiri dan kanan dengan suara, belajar bahasa Inggris dengan dialog dan gambar', 'Siswa menunjukkan minat yang tinggi dalam belajar.'),
('2023-01-03', 'S050', 'M010', 'Belajar bahasa Inggris dengan lagu dan cerita, kegiatan olahraga, memahami konsep kiri dan kanan', 'Siswa aktif dalam kegiatan menari dan berolahraga.'),
('2023-01-03', 'S051', 'M005', 'Berlatih mengerjakan soal matematika dengan gambar, memahami konsep kiri dan kanan dengan suara, belajar bahasa Inggris dengan dialog dan gambar', 'Siswa menyebutkan nama sayur-sayuran dengan baik.'),
('2023-01-03', 'S052', 'M001', 'Berlatih membaca alfabet, menyanyikan lagu, memahami konsep depan dan belakang', 'Siswa aktif dalam kegiatan menari dan berolahraga.'),
('2023-01-03', 'S053', 'M001', 'belajar menulis huruf dan angka', 'Siswa berpartisipasi aktif dalam kegiatan berkebun.'),
('2023-01-03', 'S054', 'M010', 'Berlatih membaca alfabet dengan suara, menyanyikan lagu, memahami konsep tambah dan kurang dengan benda', 'Siswa memahami konsep kiri dan kanan.'),
('2023-01-03', 'S055', 'M007', 'Belajar membaca buku cerita, berlatih soal matematika, memahami konsep tambah dan kurang', 'Siswa memahami konsep besar dan kecil.'),
('2023-01-03', 'S056', 'M005', 'belajar menulis huruf dan angka', 'Siswa menyebutkan nama buah-buahan dengan baik.'),
('2023-01-03', 'S057', 'M008', 'Berlatih membaca alfabet dengan gambar, menyanyikan lagu, memahami konsep tambah dan kurang dengan suara', 'Siswa menunjukkan kemampuan dalam berbicara sederhana dalam bahasa Indonesia.'),
('2023-01-03', 'S058', 'M007', 'Siswa menunjukkan perkembangan positif dalam belajar mengenal angka.', 'Siswa menunjukkan perkembangan positif dalam belajar mengenal angka.'),
('2023-01-03', 'S059', 'M007', 'Belajar bahasa Inggris dengan lagu dan cerita, kegiatan olahraga, memahami konsep kiri dan kanan', 'Siswa memahami konsep besar dan kecil.'),
('2023-01-03', 'S060', 'M003', 'Berlatih mengerjakan soal matematika, memahami konsep tambah dan kurang dengan angka', 'Siswa menunjukkan kemampuan dalam berbicara sederhana dalam bahasa Indonesia.'),
('2023-01-03', 'S061', 'M003', 'Membaca buku cerita, memahami konsep besar dan kecil, berlatih menulis huruf dan angka', 'Siswa menyebutkan warna dengan baik.'),
('2023-01-03', 'S062', 'M003', 'Belajar bahasa Inggris dengan lagu dan cerita, kegiatan olahraga, memahami konsep kiri dan kanan', 'Siswa aktif dalam kegiatan memasak.'),
('2023-01-03', 'S063', 'M001', 'Belajar memahami warna, membaca buku cerita dengan suara, memahami konsep depan dan belakang dengan alat bantu', 'Siswa berpartisipasi aktif dalam kegiatan melukis.'),
('2023-01-03', 'S064', 'M009', 'Belajar memahami warna, membaca buku cerita dengan suara, memahami konsep depan dan belakang dengan alat bantu', 'Siswa menunjukkan perkembangan positif dalam belajar mengenal suara binatang.'),
('2023-01-03', 'S065', 'M006', 'Berlatih membaca alfabet, menyanyikan lagu, memahami konsep depan dan belakang', 'Siswa mulai bisa membaca huruf huruf dasar dengan benar.'),
('2023-01-03', 'S066', 'M010', 'belajar menulis huruf dan angka', 'Siswa berpartisipasi aktif dalam kegiatan berkebun.'),
('2023-01-03', 'S067', 'M004', 'Membaca buku cerita dengan suara, memahami konsep depan dan belakang dengan gambar, berlatih menulis huruf dan angka dengan suara', 'Siswa aktif dalam kegiatan bermain lego.'),
('2023-01-03', 'S068', 'M003', 'Berlatih membaca alfabet dengan suara, menyanyikan lagu, memahami konsep tambah dan kurang dengan benda', 'Siswa menyebutkan nama sayur-sayuran dengan baik.'),
('2023-01-03', 'S069', 'M010', 'Berlatih membaca alfabet dengan suara, menyanyikan lagu, memahami konsep tambah dan kurang dengan benda', 'Siswa menunjukkan kemampuan dalam mengikuti instruksi.'),
('2023-01-03', 'S070', 'M002', 'Siswa menunjukkan perkembangan positif dalam belajar mengenal angka.', 'Siswa aktif dalam kegiatan membentuk pola.'),
('2023-01-03', 'S071', 'M009', 'Belajar menulis nama, memahami konsep atas dan bawah, berlatih membaca buku cerita', 'Siswa menunjukkan kemampuan dalam berbicara sederhana dalam bahasa Indonesia.'),
('2023-01-03', 'S072', 'M009', 'Berlatih mengerjakan soal matematika, memahami konsep tambah dan kurang dengan angka', 'Siswa menunjukkan minat yang tinggi dalam belajar.'),
('2023-01-03', 'S073', 'M007', 'Berlatih membaca alfabet, menyanyikan lagu, memahami konsep depan dan belakang', 'Siswa menyebutkan nama binatang dengan baik.'),
('2023-01-03', 'S074', 'M006', 'Membaca buku cerita, memahami konsep besar dan kecil, berlatih menulis huruf dan angka', 'Siswa menyebutkan warna dengan baik.'),
('2023-01-03', 'S075', 'M006', 'Belajar bahasa Inggris dengan lagu dan cerita, kegiatan olahraga, memahami konsep kiri dan kanan', 'Siswa aktif dalam kegiatan menari dan berolahraga.'),
('2023-01-03', 'S076', 'M005', 'Belajar menulis nama dengan suara, memahami konsep atas dan bawah dengan suara, berlatih membaca buku cerita dengan alat bantu', 'Siswa menunjukkan kemampuan dalam berbicara sederhana dalam bahasa Inggris.'),
('2023-01-03', 'S077', 'M002', 'Belajar memahami warna, membaca buku cerita dengan suara, memahami konsep depan dan belakang dengan alat bantu', 'Siswa memahami konsep besar dan kecil.'),
('2023-01-03', 'S078', 'M007', 'Belajar bahasa Inggris, kegiatan rekreasi, memahami konsep kanan dan kiri', 'Siswa aktif dalam kegiatan membentuk pola.'),
('2023-01-03', 'S079', 'M008', 'belajar menulis huruf dan angka', 'Siswa menyebutkan nama sayur-sayuran dengan baik.'),
('2023-01-03', 'S080', 'M010', 'Berlatih menulis nama dengan alat bantu, memahami konsep atas dan bawah dengan gambar, belajar membaca buku cerita dengan gambar', 'Siswa memahami konsep besar dan kecil.'),
('2023-01-03', 'S081', 'M006', 'Berlatih membaca alfabet, menyanyikan lagu, memahami konsep depan dan belakang', 'Siswa memahami konsep atas dan bawah.'),
('2023-01-03', 'S082', 'M010', 'Membaca buku cerita dengan suara, memahami konsep depan dan belakang dengan gambar, berlatih menulis huruf dan angka dengan suara', 'Siswa menyebutkan nama binatang dengan baik.'),
('2023-01-03', 'S083', 'M003', 'Belajar menulis nama, memahami konsep atas dan bawah, berlatih membaca buku cerita', 'Siswa aktif dalam kegiatan memasak.'),
('2023-01-03', 'S084', 'M005', 'Belajar memahami warna, membaca buku cerita dengan suara, memahami konsep depan dan belakang dengan alat bantu', 'Siswa menunjukkan kemampuan dalam mengikuti instruksi.'),
('2023-01-03', 'S085', 'M007', 'Membaca buku cerita, memahami konsep besar dan kecil, berlatih menulis huruf dan angka', 'Siswa menunjukkan kemampuan dalam berbicara sederhana dalam bahasa Inggris.'),
('2023-01-03', 'S086', 'M005', 'Belajar membaca buku cerita, berlatih soal matematika, memahami konsep tambah dan kurang', 'Siswa berpartisipasi aktif dalam kegiatan berkebun.'),
('2023-01-03', 'S087', 'M005', 'Belajar menulis nama, memahami konsep atas dan bawah, berlatih membaca buku cerita', 'Siswa menunjukkan kemampuan dalam berbicara sederhana dalam bahasa Inggris.'),
('2023-01-03', 'S088', 'M006', 'Berlatih mengerjakan soal matematika, memahami konsep tambah dan kurang dengan angka', 'Siswa menyebutkan nama sayur-sayuran dengan baik.'),
('2023-01-03', 'S089', 'M005', 'Berlatih mengerjakan soal matematika, memahami konsep tambah dan kurang dengan angka', 'Siswa menunjukkan minat yang tinggi dalam belajar.'),
('2023-01-03', 'S090', 'M007', 'Berlatih mengerjakan soal matematika, memahami konsep tambah dan kurang dengan angka', 'Siswa aktif dalam kegiatan membentuk pola.'),
('2023-01-03', 'S091', 'M008', 'Membaca buku cerita dengan suara, memahami konsep depan dan belakang dengan gambar, berlatih menulis huruf dan angka dengan suara', 'Siswa menunjukkan perkembangan positif dalam belajar mengenal hewan.'),
('2023-01-03', 'S092', 'M001', 'Berlatih menulis nama dengan alat bantu, memahami konsep atas dan bawah dengan gambar, belajar membaca buku cerita dengan gambar', 'Siswa memahami konsep depan dan belakang.'),
('2023-01-03', 'S093', 'M006', 'Belajar membaca buku cerita, berlatih soal matematika, memahami konsep tambah dan kurang', 'Siswa menunjukkan kemampuan dalam berbicara sederhana dalam bahasa Inggris.'),
('2023-01-03', 'S094', 'M008', 'Berlatih mengerjakan soal matematika dengan gambar, memahami konsep kiri dan kanan dengan suara, belajar bahasa Inggris dengan dialog dan gambar', 'Siswa menyebutkan nama sayur-sayuran dengan baik.'),
('2023-01-03', 'S095', 'M004', 'Membaca buku cerita, memahami konsep besar dan kecil, berlatih menulis huruf dan angka', 'Siswa memahami konsep depan dan belakang.'),
('2023-01-03', 'S096', 'M009', 'Belajar menulis nama, memahami konsep atas dan bawah, berlatih membaca buku cerita', 'Siswa menyebutkan warna dengan baik.'),
('2023-01-03', 'S097', 'M006', 'Berlatih mengerjakan soal matematika dengan gambar, memahami konsep kiri dan kanan dengan suara, belajar bahasa Inggris dengan dialog dan gambar', 'Siswa menyebutkan nama sayur-sayuran dengan baik.'),
('2023-01-03', 'S098', 'M006', 'Belajar membaca buku cerita, berlatih soal matematika, memahami konsep tambah dan kurang', 'Siswa menunjukkan kemampuan dalam mengikuti instruksi.'),
('2023-01-03', 'S099', 'M003', 'Siswa menunjukkan perkembangan positif dalam belajar mengenal angka.', 'Siswa memahami konsep atas dan bawah.'),
('2023-01-03', 'S100', 'M001', 'Berlatih membaca alfabet, menyanyikan lagu, memahami konsep depan dan belakang', 'Siswa mulai bisa membaca huruf huruf dasar dengan benar.');
